en	acupuncture
en	algorithm
en	anecdote
en	antibiotic
en	apple
en	axiom
en	ballad
en	banana
en	brain
en	bravado
en	calculus
en	case
en	cathedral
en	child
en	chromosome
en	computer
en	conundrum
en	day
en	democracy
en	diagnosis
en	dilemma
en	ear
en	echelon
en	ecosystem
en	element
en	entropy
en	enzyme
en	epiphany
en	epitome
en	eye
en	eye
en	fable
en	facade
en	folklore
en	fossil
en	galaxy
en	gene
en	grape
en	gravity
en	group
en	hand
en	harbinger
en	hardware
en	heart
en	hemisphere
en	humor
en	hypothesis
en	hysteria
en	inference
en	innuendo
en	internet
en	irony
en	journey
en	jubilee
en	kernel
en	kinship
en	labyrinth
en	laptop
en	legacy
en	life
en	limerick
en	maelstrom
en	man
en	mango
en	meme
en	metamorphosis
en	metaphor
en	microscope
en	molecule
en	mouth
en	mythology
en	narrative
en	network
en	nose
en	nostalgia
en	novel
en	number
en	oasis
en	obelisk
en	oligarchy
en	opera
en	orange
en	paradigm
en	paradox
en	phenomenon
en	place
en	placebo
en	point
en	problem
en	prognosis
en	quagmire
en	quantum
en	quintessence
en	quirk
en	quotient
en	reagent
en	renaissance
en	resilience
en	reverie
en	rhapsody
en	sarcasm
en	satire
en	sculpture
en	serendipity
en	smartphone
en	software
en	solstice
en	sonnet
en	spectrum
en	strawberry
en	symptom
en	synapse
en	syringe
en	tablet
en	telescope
en	therapy
en	thing
en	time
en	tome
en	tragedy
en	triumph
en	umbrage
en	universe
en	vaccine
en	vanguard
en	veracity
en	voyage
en	way
en	week
en	whimsy
en	wit
en	woe
en	woman
en	work
en	world
en	xenophobia
en	xylophone
en	year
en	yearning
en	yield
en	zealot
en	zenith
en	zoology
it	agopuntura
it	algoritmo
it	aneddoto
it	anno
it	antibiotico
it	araldo
it	arancia
it	arguzia
it	assioma
it	avanguardia
it	ballata
it	bambina
it	banana
it	bizzarria
it	bocca
it	bravata
it	calcolo
it	capriccio
it	caso
it	cattedrale
it	cervello
it	computer
it	cosa
it	cromosoma
it	cuore
it	democrazia
it	desiderio
it	diagnosi
it	dilemma
it	dolore
it	donna
it	doppio senso
it	ecosistema
it	elemento
it	emisfero
it	enigma
it	entropia
it	enzima
it	epifania
it	epitome
it	eredità
it	facciata
it	favola
it	fenomeno
it	folclore
it	fossile
it	fragola
it	galassia
it	gene
it	giorno
it	giubileo
it	gravità
it	gruppo
it	hardware
it	inferenza
it	internet
it	ipotesi
it	ironia
it	isteria
it	kernel
it	labirinto
it	lavoro
it	limerick
it	maelstrom
it	mango
it	mano
it	mela
it	meme
it	metafora
it	metamorfosi
it	microscopio
it	mitologia
it	molecola
it	mondo
it	narrativa
it	naso
it	nostalgia
it	numero
it	oasi
it	obelisco
it	occhio
it	occhio
it	oligarchia
it	ombra
it	opera
it	orecchio
it	pantano
it	paradigma
it	paradosso
it	parentela
it	placebo
it	portatile
it	posto/luogo
it	problema
it	prognosi
it	punto
it	quantistico
it	quintessenza
it	quoziente
it	rapsodia
it	reattivo
it	rendimento
it	resilienza
it	rete
it	reverie
it	rinascimento
it	romanzo
it	sarcasmo
it	satira
it	scalone
it	scultura
it	serendipità
it	settimana
it	sinapsi
it	sintomo
it	siringa
it	smartphone
it	software
it	solstizio
it	sonetto
it	spettro
it	tablet
it	telescopio
it	tempo
it	terapia
it	tomo
it	tragedia
it	trionfo
it	umorismo
it	universo
it	uomo
it	uva
it	vaccino
it	veracità
it	via
it	viaggio
it	viaggio
it	vita
it	xenofobia
it	xilofono
it	zelota
it	zenit
it	zoologia
fr	acupuncture
fr	algorithme
fr	anecdote
fr	année
fr	antibiotique
fr	avant-coureur
fr	avant-garde
fr	axiome
fr	ballade
fr	banane
fr	bizarrerie
fr	bouche
fr	bourbier
fr	bravade
fr	calcul
fr	cas
fr	cathédrale
fr	cerveau
fr	chemin
fr	chose
fr	chromosome
fr	cœur
fr	diagnostic
fr	dilemme
fr	démocratie
fr	endroit
fr	enfant
fr	entropie
fr	enzyme
fr	esprit
fr	fable
fr	fantaisie
fr	façade
fr	femme
fr	folklore
fr	fossile
fr	fraise
fr	galaxie
fr	gravité
fr	groupe
fr	gène
fr	homme
fr	humour
fr	hypothèse
fr	hystérie
fr	hémisphère
fr	héritage
fr	inférence
fr	insinuation
fr	internet
fr	ironie
fr	jour
fr	jubilé
fr	labyrinthe
fr	limerick
fr	logiciel
fr	maelström
fr	main
fr	malheur
fr	mangue
fr	matériel
fr	microscope
fr	molécule
fr	monde
fr	mythologie
fr	mème
fr	métamorphose
fr	métaphore
fr	nez
fr	nombre
fr	nostalgie
fr	nostalgie
fr	noyau
fr	oasis
fr	obélisque
fr	oligarchie
fr	ombrage
fr	opéra
fr	orange
fr	ordinateur
fr	oreille
fr	paradigme
fr	paradoxe
fr	parenté
fr	phénomène
fr	placebo
fr	point
fr	pomme
fr	portable
fr	problème
fr	pronostic
fr	quantum
fr	quintessence
fr	quotient
fr	raisin
fr	renaissance
fr	rendement
fr	rhapsodie
fr	roman
fr	réactif
fr	récit
fr	réseau
fr	résilience
fr	rêverie
fr	sarcasme
fr	satire
fr	sculpture
fr	semaine
fr	seringue
fr	smartphone
fr	solstice
fr	sonnet
fr	spectre
fr	symptôme
fr	synapse
fr	sérendipité
fr	tablette
fr	temps
fr	thérapie
fr	tome
fr	tragédie
fr	travail
fr	triomphe
fr	télescope
fr	univers
fr	vaccin
fr	vie
fr	voyage
fr	voyage
fr	véracité
fr	xylophone
fr	xénophobie
fr	zoologie
fr	zélote
fr	zénith
fr	échelon
fr	écosystème
fr	élément
fr	énigme
fr	épiphanie
fr	épitomé
fr	œil
fr	œil
de	akupunktur
de	algorithmus
de	anekdote
de	anspielung
de	antibiotikum
de	apfel
de	arbeit
de	auge
de	auge
de	axiom
de	ballade
de	banane
de	bravour
de	chromosom
de	computer
de	demokratie
de	diagnose
de	dilemma
de	ding
de	eiferer
de	eigenheit
de	element
de	entropie
de	enzym
de	epiphanie
de	erbe
de	erdbeere
de	ertrag
de	erzählung
de	fabel
de	fall
de	fassade
de	fossil
de	frau
de	galaxie
de	gehirn
de	gen
de	gruppe
de	hand
de	hardware
de	hemisphäre
de	herz
de	humor
de	hypothese
de	hysterie
de	impfstoff
de	inbegriff
de	internet
de	ironie
de	jahr
de	jubiläum
de	kalkül
de	kathedrale
de	kern
de	kind
de	labyrinth
de	laptop
de	laune
de	leben
de	leid
de	limerick
de	maelstrom
de	mango
de	mann
de	mem
de	metamorphose
de	metapher
de	mikroskop
de	molekül
de	mund
de	mythologie
de	nase
de	netzwerk
de	nostalgie
de	oase
de	obelisk
de	ohr
de	oligarchie
de	oper
de	orange
de	ort
de	paradigma
de	paradoxon
de	phänomen
de	placebo
de	problem
de	prognose
de	punkt
de	quanten
de	quintessenz
de	quotient
de	rang
de	reagenz
de	reise
de	reise
de	renaissance
de	rhapsodie
de	roman
de	rätsel
de	sarkasmus
de	satire
de	schlussfolgerung
de	schwerkraft
de	sehnsucht
de	serendipität
de	skulptur
de	smartphone
de	software
de	sonett
de	sonnenwende
de	spektrum
de	spritze
de	sumpf
de	symptom
de	synapse
de	tablet
de	tag
de	teleskop
de	therapie
de	tragödie
de	traube
de	triumph
de	träumerei
de	universum
de	verwandtschaft
de	volkskunde
de	vorhut
de	vorläufer
de	wahrheit
de	weg
de	welt
de	widerstandsfähigkeit
de	witz
de	woche
de	wälzer
de	xenophobie
de	xylophon
de	zahl
de	zeit
de	zenit
de	zoologie
de	ärger
de	ökosystem
es	acupuntura
es	aflicción
es	algoritmo
es	anhelo
es	antibiótico
es	anécdota
es	axioma
es	año
es	balada
es	boca
es	bravuconería
es	camino
es	capricho
es	caso
es	catedral
es	cerebro
es	ciénaga
es	cociente
es	corazón
es	cosa
es	cromosoma
es	cuántico
es	cálculo
es	cénit
es	democracia
es	diagnóstico
es	dilema
es	día
es	ecosistema
es	elemento
es	enigma
es	ensueño
es	entropía
es	enzima
es	epifanía
es	epítome
es	escalón
es	escultura
es	espectro
es	fachada
es	fanático
es	fenómeno
es	folclore
es	fresa
es	fábula
es	fósil
es	galaxia
es	gen
es	gravedad
es	grupo
es	hardware
es	hemisferio
es	heraldo
es	hipótesis
es	histeria
es	hombre
es	humor
es	inferencia
es	ingenio
es	insinuación
es	internet
es	ironía
es	jeringa
es	jubileo
es	laberinto
es	legado
es	limerick
es	lugar
es	mango
es	mano
es	manzana
es	manía
es	meme
es	metamorfosis
es	metáfora
es	microscopio
es	mitología
es	molécula
es	mujer
es	mundo
es	naranja
es	nariz
es	narrativa
es	niño
es	nostalgia
es	novela
es	núcleo
es	número
es	oasis
es	obelisco
es	ojo
es	ojo
es	oligarquía
es	ordenador
es	oreja
es	paradigma
es	paradoja
es	parentesco
es	placebo
es	plátano
es	portátil
es	problema
es	pronóstico
es	punto
es	quintaesencia
es	rapsodia
es	reactivo
es	red
es	renacimiento
es	rendimiento
es	resentimiento
es	resiliencia
es	sarcasmo
es	semana
es	serendipia
es	sinapsis
es	software
es	solsticio
es	soneto
es	sátira
es	síntoma
es	tableta
es	telescopio
es	teléfono inteligente
es	terapia
es	tiempo
es	tomo
es	torbellino
es	trabajo
es	tragedia
es	triunfo
es	universo
es	uva
es	vacuna
es	vanguardia
es	veracidad
es	viaje
es	viaje
es	vida
es	xenofobia
es	xilófono
es	zoología
es	ópera
back-ja	фасаде
back-ja	いちご
back-ja	ぶどう
back-ja	りんご
back-ja	アルゴリズム
back-ja	インターネット
back-ja	エントロピー
back-ja	オアシス
back-ja	オベリスク
back-ja	オペラ
back-ja	オレンジ
back-ja	グループ
back-ja	コンピューター
back-ja	シナプス
back-ja	ジレンマ
back-ja	スペクトル
back-ja	スマートフォン
back-ja	ソネット
back-ja	ソフトウェア
back-ja	タブレット
back-ja	ネットワーク
back-ja	ノートパソコン
back-ja	ハードウェア
back-ja	バナナ
back-ja	バラード
back-ja	パラダイム
back-ja	ヒステリー
back-ja	ブラバド
back-ja	プラセボ
back-ja	マンゴー
back-ja	ミーム
back-ja	ユーモア
back-ja	リメリック
back-ja	ルネサンス
back-ja	ワクチン
back-ja	不快感
back-ja	世界
back-ja	予後
back-ja	人生
back-ja	仕事
back-ja	仮説
back-ja	先駆者
back-ja	先駆者
back-ja	公理
back-ja	典型
back-ja	冬至
back-ja	分子
back-ja	切望
back-ja	動物学
back-ja	勝利
back-ja	化石
back-ja	半球
back-ja	収量
back-ja	口
back-ja	含み
back-ja	商
back-ja	問題
back-ja	啓示
back-ja	回復力
back-ja	場合
back-ja	場所
back-ja	変態
back-ja	外国人嫌悪
back-ja	大混乱
back-ja	大聖堂
back-ja	奇抜さ
back-ja	女
back-ja	子供
back-ja	宇宙
back-ja	寓話
back-ja	寡頭政治
back-ja	小説
back-ja	年
back-ja	彫刻
back-ja	微積分
back-ja	心臓
back-ja	思いがけない発見
back-ja	悲しみ
back-ja	悲劇
back-ja	手
back-ja	抗生物質
back-ja	推論
back-ja	数
back-ja	旅
back-ja	日
back-ja	時間
back-ja	望遠鏡
back-ja	木琴
back-ja	本
back-ja	染色体
back-ja	核
back-ja	機知
back-ja	比喩
back-ja	民主主義
back-ja	民俗学
back-ja	気まぐれ
back-ja	治療
back-ja	泥沼
back-ja	注射器
back-ja	点
back-ja	熱狂者
back-ja	物
back-ja	物語
back-ja	狂詩曲
back-ja	現象
back-ja	生態系
back-ja	男
back-ja	症状
back-ja	白昼夢
back-ja	皮肉
back-ja	皮肉
back-ja	目
back-ja	目
back-ja	真実性
back-ja	真髄
back-ja	神話
back-ja	祭典
back-ja	耳
back-ja	脳
back-ja	航海
back-ja	要素
back-ja	親族
back-ja	診断
back-ja	試薬
back-ja	迷宮
back-ja	逆説
back-ja	週
back-ja	逸話
back-ja	道
back-ja	遺伝子
back-ja	遺産
back-ja	郷愁
back-ja	酵素
back-ja	重力
back-ja	量子
back-ja	銀河
back-ja	鍼灸
back-ja	階層
back-ja	難問
back-ja	頂点
back-ja	顕微鏡
back-ja	風刺
back-ja	鼻
back-zh-cn	фасаде
back-zh-cn	世界
back-zh-cn	书卷
back-zh-cn	事物
back-zh-cn	互联网
back-zh-cn	五行打油诗
back-zh-cn	产量
back-zh-cn	亲属关系
back-zh-cn	仇外心理
back-zh-cn	假设
back-zh-cn	元素
back-zh-cn	先锋
back-zh-cn	先驱
back-zh-cn	光谱
back-zh-cn	公理
back-zh-cn	内核
back-zh-cn	分子
back-zh-cn	动物学
back-zh-cn	化石
back-zh-cn	十四行诗
back-zh-cn	半球
back-zh-cn	叙事
back-zh-cn	周
back-zh-cn	商
back-zh-cn	嘴巴
back-zh-cn	困境
back-zh-cn	地方
back-zh-cn	基因
back-zh-cn	大教堂
back-zh-cn	大漩涡
back-zh-cn	大脑
back-zh-cn	天
back-zh-cn	女人
back-zh-cn	孩子
back-zh-cn	宇宙
back-zh-cn	安慰剂
back-zh-cn	寓言
back-zh-cn	寡头政治
back-zh-cn	小说
back-zh-cn	工作
back-zh-cn	平板电脑
back-zh-cn	年
back-zh-cn	幽默
back-zh-cn	异想天开
back-zh-cn	影射
back-zh-cn	微积分
back-zh-cn	心脏
back-zh-cn	怀旧
back-zh-cn	怪癖
back-zh-cn	恼怒
back-zh-cn	悖论
back-zh-cn	悲剧
back-zh-cn	悲哀
back-zh-cn	情况
back-zh-cn	意外发现
back-zh-cn	手
back-zh-cn	才智
back-zh-cn	抗生素
back-zh-cn	推论
back-zh-cn	数字
back-zh-cn	文艺复兴
back-zh-cn	方尖碑
back-zh-cn	旅程
back-zh-cn	时间
back-zh-cn	星系
back-zh-cn	显微镜
back-zh-cn	智能手机
back-zh-cn	望远镜
back-zh-cn	木琴
back-zh-cn	染色体
back-zh-cn	模因
back-zh-cn	橙子
back-zh-cn	歇斯底里
back-zh-cn	歌剧
back-zh-cn	民主
back-zh-cn	民谣
back-zh-cn	民间传说
back-zh-cn	治疗
back-zh-cn	沼泽
back-zh-cn	注射器
back-zh-cn	渴望
back-zh-cn	点
back-zh-cn	熵
back-zh-cn	狂想曲
back-zh-cn	狂热者
back-zh-cn	现象
back-zh-cn	生命
back-zh-cn	生态系统
back-zh-cn	电脑
back-zh-cn	男人
back-zh-cn	疫苗
back-zh-cn	症状
back-zh-cn	真实性
back-zh-cn	眼睛
back-zh-cn	眼睛
back-zh-cn	硬件
back-zh-cn	神话
back-zh-cn	禧年
back-zh-cn	突触
back-zh-cn	笔记本电脑
back-zh-cn	算法
back-zh-cn	精髓
back-zh-cn	组
back-zh-cn	绿洲
back-zh-cn	缩影
back-zh-cn	网络
back-zh-cn	耳朵
back-zh-cn	胜利
back-zh-cn	至日
back-zh-cn	航行
back-zh-cn	芒果
back-zh-cn	苹果
back-zh-cn	范式
back-zh-cn	草莓
back-zh-cn	葡萄
back-zh-cn	虚张声势
back-zh-cn	蜕变
back-zh-cn	讽刺
back-zh-cn	讽刺
back-zh-cn	讽刺
back-zh-cn	诊断
back-zh-cn	试剂
back-zh-cn	路
back-zh-cn	软件
back-zh-cn	轶事
back-zh-cn	迷宫
back-zh-cn	遐想
back-zh-cn	遗产
back-zh-cn	酶
back-zh-cn	重力
back-zh-cn	量子
back-zh-cn	针灸
back-zh-cn	问题
back-zh-cn	阶层
back-zh-cn	隐喻
back-zh-cn	难题
back-zh-cn	雕塑
back-zh-cn	韧性
back-zh-cn	顶点
back-zh-cn	顿悟
back-zh-cn	预后
back-zh-cn	香蕉
back-zh-cn	鼻子
