ab	Сара азба сакуеит. Сара ашә сфоит. Шьыжьбзиа! Сара акәац сфоит. Иуфазеи? Сыӡбалқәас рхы надырхәозеи аҧсуаа? Асааҭ шаҟоузеи? Иахьа шәахьоуп. Сара Лори сыхьӡуп. Абиблиотека абаҟоу? Сыцәар сҭахыуп. Сара цәыкьа сышьҭалоит. Сара исҳәоит. Сара сцоит. Иҭабуп! Дaба сыҧшаауeиҵ? Англыз бызшәа жәдыруама? Aиашьа дyмоумаҵ? Акәашара бзиa бoба? Cара yаҵәы аpахь caaуеит. Cаҟара cыцлеит. Уи cыҧcықәаpа ауп. Маҷк cааҧсеит. Бзиала шәаабеит Авикипедиахь. Сара ашколахь сцоит.
af	Een, twee, drie, vier, vyf, ses, sewe, ag, nege, tien. Alle menslike wesens word vry, met gelyke waardigheid en regte, gebore. Hulle het rede en gewete en behoort in die gees van broederskap teenoor mekaar op te tree. 'n Hond het agter die kat aan gehardloop. Ek kan nie raserige kinders verdra nie. Asseblief deel my sambreel. Ek kan nie nou aan sy naam dink nie. Jy mag nou maar gaan meneer. Haar toespraak was uitmuntend. Hy bly in 'n dorpie naby Osaka. Vra, en jy sal ontvang. Dis wat ek gekoop het in Spanje. Los volgende Saterdag middag oop asseblief. Ek sal graag 'n vraag wil vra Ek sal graag hierdie pakkie na Kanada toe wil pos. Jim is geneig om te vêr te gaan. Ek het baie hard geleer sodat ek die eksamen kan deur kom. Hoekom het jy Japan toe gegaan? Hul het hul seun John benoem. Wat wil jy hê? Sy broer is verlede maand oorlede. Van watse land is jy? Ek hou van die stadige ritme van daai liedjie. Sy het haar seun alleen in die kar gelos. Die boek gaan oor die koning wat sy kroon verloor. Hoekom het jy Japan toe gekom?
am	በሒሳብ በጣም ጐበዝ ነው። ባለፈው ሳምንት ከአሜሪካ አንዳንድ ማስታወሻ ላኩለት። ተቈጥቼ ነበር። ጤናማ ልጅ ነበርኩ። ምንም አያውቁም። የት መብላት ተፈልጋለህ? በውነት ያስፈራል። ቶም ብዙ ጊዜ ከውሻው ጋር ይናገራል። ዘግይቼ እትምሀርት ቤት ምን ጊዜም አልደርስም። እሱ ዛፍ ስር ተኝቷል። ሐኪም አይደለሁም። ነጭ ድመት አለኝ። አጸደ እጫወታለሁ። ተማሪ ነኝ። አስተማሪ ነኝ። አስተማሪ የለሁም። አንተ አስተማሪ ነህ። እሱ በጣም ጥሩ ሐኪም ነው። አንተ ተማሪ ነህ? ጤና ይስጥልኝ! መሄድ ይፈልጋል። ገንዘቡን አገኘሁ። ሁለት ድመቶች አሉኝ። አንተ ትልቅ ነህ። እኔ ትልቅ ነኝ።
ar	ويل للكافرين متى أنشئت هذه الجامعة؟ أراها نادراً يعزف على البيانو بشكل جيد جداً مع كل احترامي. نظف أسنانك أتمنى لك نومًا هادئًا يا تِمِي.‏‏ ما اسمُك؟ لو سمحت، أضعت طريقي.‏‏ عفوًا. عيد ميلاد سعيد!‏‏ ذهبت اليوم إلى الطبيب يتكلم بسرعة. إنه وسيم. إنه وسيم و ذكي. إنه وسيم جدا. هذه القلعة جميلة. إيطاليا بلد جميل جدا. طقس اليوم جميل. تعال إلى منزلي. منزلي كبير. أنظر إلى هذا المنزل. منزلك رائع. مرحباً بك في المنزل. إني في المنزل.
az	Sabahınız xeyir, xanımlar vә cәnablar! Sizә söz verirәm. Başınızdan çıxardın! Gün aydın! Nə var, nə yox? Hə. Bürc Xəlifə hal-hazırda dünyada ən hündür göydələndir. Salam! Siz necəsiniz? Haralısınız? Qəzetim harada? Tualetlər harada? Necəsən? Mətn nə haqqındadır? Bu günün tarixi nədir? Böyük sirr nədir? Qardaşın harada? Tom mənim dostumdur. Bu gözəl bir çiçəkdir. Dekabr ilin son ayıdır. Yanvar, fevral, mart, aprel, may, iyun, iyul, avqust, sentyabr, oktyabr, noyabr və dekabr ilin on iki ayıdır. Qış ayları dekabr, yanvar və fevraldır. Mən bir tələbə idim. Mən mühəndisəm. Saat səkkizdə məktəbə gedərəm.
be	Злучаныя Штаты мяжуюць з Канадай. Распаўсюджвайце эсперанта! Ты хацеў расказаць мне пра свабоду? Яго аргумент быў далёка не рацыянальны. Там хтосьці ёсць? Дайце мне бутэльку віна. Мідоры з’ела большую частку апельсінаў. Гэта самая абсурдная ідэя, якую я чуў. У мазгоў складаная структура. Я люблю гэтую кнігу больш за ўсё. Якая самая высокая гара ў Паўночнай Амерыцы? Нават японцы могуць памыліцца, калі размаўляюць па-японску. Я вельмі сумую па табе. Я прачнуўся і ўбачыў у пакоі злодзея. Адрамантуй гадзіннік. Усе людзi нараджаюцца свабоднымi i роўнымi ў сваёй годнасцi i правах. Яны надзелены розумам i сумленнем i павiнны ставiцца адзiн да аднаго ў духу брацтва. Адзін, два, тры, чатыры, пяць, шэсць, сем, восем, дзевяць, дзесяць. Я падрыхтаваў слабы водны раствор цукру. Я не ведаю, калі Боб прыехаў у Японію. Я не ведаю. Мяне завуць Джэк. «Кот?» — спытаў стары. Гэтая праблема сапраўды патрабуе рашэння, але гэта тое ж, што страляць з гармат па вераб'ях. За камаром не ганяйся з тапаром. Я вярнуўся ў Японію.
bg	Той си помисли, че това може да е номер. Най-накрая, автобусът спря. Искам да уча в чужбина догодина. На 14 февруари американците празнуват Свети Валентин. Той би се хванал за всяка сламка. Чичо ми почина от рак на стомаха вчера. Господине, забравили сте си запалката на масата. Тя повиши глас. Разчитаме на Пати, защото тя никога не нарушава обещанията си. Япония има много отличителни черти. Казват, че има заровено съкровище в тази област. Каква е тарифата от Осака до Акита? Идва му отвътре да говори на френски. Често чуваме да казват, че японците са добри работници. Бе обречен никога да не я срещне отново. Той нахлу в стаята с без да сваля палтото си. Баща ми е малко старомоден. Моля те, внимавай повече в бъдеще. В случай на спешност, свържете се с агента ми. Не толкова болестта го повали, колкото мързелът. Децата изглеждаха изморени от плуването. Не изпускай автобуса. Серия от взривове превърна лабораторията в руини. Той не каза нищо, което я ядоса. Стигнах до гарата, след като влакът тръгна.
bi	Olsem wanem? Nem blong mi Jack. Fren blong mi i helpem mi. Mary i brekem leg blong hem. Hem i foldaon. Tom i sik tumas. Tom i kilim mi. Tom hemi pasta. Mi wantem askem wan kwesten long yu. Mi sori. Yu go wea? Halo! Gudmoning! Gudnaet! Lukim yu! Yu kam wea? Mi wantem go long taon. Wanem ia? Wanem nem blong hemia? Hemia mane blong yu. Tankiu tumas! Hamas long hem? Yu kam blong mekem wanem? Mi go long taon. Mi wantem tokktok wetem yu naoia.
bm	Ɔwɔ. Ayi. I ni sɔgɔma! I ni baara! Aw ni baara! I bisimila! Aw bisimila! I tɔgɔ bɛ di? Nɛnɛ bɛ. Funteni bɛ. I ni cɛ! Aw ni cɛ! I ka kɛnɛ? N balemamuso sara kunun. Olu bɛ u ka sɛbɛnw mara. Mun na aw y'o kɛ? N bɛ furu sɔrɔ. N balemamuso yelemana Maroki salon. N te se ka na sisan, n'kono b'a la. N koroke kunsi bilennen don, a nyekise geren don. N bɛ nansarakan kalan lakɔli la. Kɔnɔ dɔ bɛ an ka so sanfɛ. Ne tun bɛ taa Farajɛla, nka wari bɛrɛ tun tɛ ne kun. Aw nana tuma jumɛn? Aw y'a don bilen ka fisa ni geren ye wa?
bn	আমি জাপানি ভাষায় কথা বলি না। আমি আমার মানিব্যাগ হারিয়েছি। টিকেটটি ভুলে যেও না। আমি বুঝতে পারছি না। অনুগ্রহ করে বিলটি দেবেন? আমি জানি না। এটি গুরুত্বপূর্ণ না। আমাদের কথা ভুলো না। জীবন সুন্দর। আপনি কী করছেন? আমি তোমাকে ভালবাসি। তুমি অন্যের ব্যাপারে অনেক নাক গলাও। আমার মনে হয় না কালকে বৃষ্টি হবে। শুভ কানাডা দিবস! আপনি কী খাবেন? ধন্যবাদ, এতেই হবে। এর দাম কত? আমরা শব্দের জন্যে ঘুমাতে পারছি না। এয়ারপোর্ট কত দুর এখান থেকে? সমস্ত মানুষ স্বাধীনভাবে সমান মর্যাদা এবং অধিকার নিয়ে জন্মগ্রহণ করে। তাঁদের বিবেক এবং বুদ্ধি আছে; সুতরাং সকলেরই একে অপরের প্রতি ভ্রাতৃত্বসুলভ মনোভাব নিয়ে আচরণ করা উচিৎ। আমি পরশু ঔঅরলিঅতে ফিব। আমি তোমার ভাষা বুঝি। ও জাপানি বলতে পারে। আমার সাথে আসুন একটা আম খেতে খুঁজছি.
bo	སྔ་དྲོ་བདེ་ལེགས ཉིན་གུང་བདེ་ལེགས་ བཀྲ་ཤིས་བདེ་ལེགས་ དགོང་དྲོ་བདེ་ལེགས ཁྱེད་རང་སྐུ་ཁམས་བཟང་ངམ། འདི་མོ་རང་གི་སྐྱོན་རེད། ཏོམ་ཉ་ཤ་ཟ་ཡག་ལ་དགའ་གྱི་མི་འདུག་ དེར་ཡར་ཕེབས་རོགས་གནང་། ཁོང་ཨང་ཀ་ར་ལ་ སྤྱི་ལོ་༢༠༠༦་ནས་ད་ལྟ་བར་དུ་བཞུགས་ཀྱི་འདུག་ ང་གྲོང་ཁྱེར་འདི་ལ་རྩ་བ་ནས་དགའ་པོ་མེད། ཁོང་ཚོ་སློབ་གཉེར་བ་རེད། ང་ཚོར་ཁོ་རང་མོའི་ཕ་ལགས་ཡོད་པའི་གསར་དུ་རྙེད་བྱུང་། ང་ཚོ་ལོག་འགྲོ་དགོས། མོའི་ལག་པ་ལ་ཅི་ཞིག་འདུག། འདིར་རྐྱལ་རྒྱབ་ཆོག་གི་མ་རེད། མོ་རང་གི་སེན་མོ་དམར་མོ་རེད། ཏོམ་པགས་པ་ནག་པོ་འདུག། ང་ཚོའི་ལས་ཁུངས་ལ་ཐ་མག་མ་འཐེན་པའི་ཁྲིམས་སྲོལ་ཅིག་ཡོད་རེད། ཁྱེད་རང་ག་རེ་བྱས་ནས་རླུང་ལང་སོང། ང་ཚོའི་ངོ་ཤེས་པ་དེ་ཕ་རི་སི་ལ་འབྱུང་མ་སོང་། རྒན་ཚད་ལོངས་པ་འབའ་ཞིག། བྱི་ལ་དོམ་ཆེན་རྒྱ་ནག་ལ་འབའ་ཞིག་ཡོད་རེད། འདི་གནས་ཚུལ་མ་རེད། མི་ཚང་མས་སྔ་ས་ནས་འདི་ཤེང་གི་ཡོད་རེད། འདི་མོ་རང་གི་རེད། མ་རེད་པས། འཁྲུངས་སྐར་དུས་ཆེན་ལ་བཀྲ་ཤིས་བདེ་ལེགས་ཞུ།
br	Skrivañ a ran da Erwan Le Bourdonnec. Dieub ha par en o dellezegezh hag o gwirioù eo ganet an holl dud. Poell ha skiant zo dezho ha dleout a reont bevañ an eil gant egile en ur spered a genvreudeuriezh. Demat. Demat, penaos 'mañ kont ? Gall on. Yac'h on. Avaloù a blij dit? A-du emaon. Kelenn a ran. Petra? Andrea eo ma anv. Pe oad out? Poan benn am eus. Re ger eo! Yen eo. Sec'hed am eus. Ar gwir zo ganit. Skuizh-marv on. Trugarez! Deskiñ a rit saozneg bemdez ? Chom ganimp. Respontit mar plij. Un den onest on. Gallout a rez lazhañ ar gouloù? Komz a rez alamaneg?
bs	Zdravo. Zdravo, Tom. Ja sam student. Ko si ti? Zovem se Džek. Kako se ti zoveš? Zove se Tomojuki Ogura. Šta je ovo? To je lutka. Je li tvoja? Je li tvoje? Je li tvoj? Moj je, nije njegov. Moje je, nije njegovo. Moja je, nije njegova. Teka nije tvoja, njegova je. Njen je, zar ne? Njena je, zar ne? Njeno je, zar ne? To je njihova knjiga. To je moja mačka. Njegov je, zar ne? Njegovo je, zar ne? Njegova je, zar ne? Ovo je dobar udžbenik.
ca	No passa una setmana que no li escrigui a la seva mare. Bon dia! Moltes gràcies. No, gràcies. No l'entenc. Quina hora és? Bona nit. Bon viatge. Adéu, Sayoko. Com estàs? Com està? Fins ara! Fins demà. Fins després! Hola, Tom! Hola, com va? Hola. Li presento el meu pare. Enhorabona! Que es diverteixi força! Bona sort. Estic tip que em sermonegi constantment. Estic tip dels seus sermons constants. Això és bufar i fer ampolles. Li vas dir que havies enllestit la feina feia tres dies.
ch	Taimanu masångan-ña "good bye" gi fino' Aleman? Muna'huyong si Yu'us i tåno'. Kao siña hu ayuda hao? Håfa gi ofisina? Bai hu konne' hao guatu guihi. Todo taotao siha man mafanago libertao yan pareho gi dignidad yan derecho siha, man manae siha hinaso yan consiencia yan debe de ufatinas contra uno yan otro gi un espiritun chumelo. Håfa tatamanu hao? Åpmam tiempo ti hu li'e hao. Håyi nå'ån-mu? Nå'ån-hu si Jack. Taotao månu hao? Taotao månu hao, Karen? Ta fañocho! Buen biåhe. Mångge i kemmon? Hu guiaya hao. Bula håsuli iyo-ku hovercraft. Umaguaiya si Nicholas yan si Maria. Umatungo' i dos palao'an. Pot fabot tuge' fan påpa'. Si Yu'us Må'åse'. Kao malago' hao bumaila yan guåhu? Para guiya u åpåsi todu. Ohala homlo' hao ti åpmam. Ågang i polisia!
co	Burj Khalifa hè actualmente u grattacelu u più altu di u mondu. Benvenutu. Duva hè u pane? Unu, dui, trè, quattru, cinque, séi, sétte, óttu, nóve, déce. Comu sè? À un di sti ghjorni. Sè goffu. Semu famiti. Sete assitate. Comu ti chjami? Chì faci? Vogliu chè vo sìate in casa à ott'ore è mezu. Sè no cantàssimu tutt'inseme, sarìa una bella cacufunìa. Vi ringraziu. A ringraziavvi. À bona notte. In forma ? Sò trè mesi chì ùn l'aghju micca vista. Salute. Và bè. Grazie! Eiu sò Tom. Anch'eiu. Eiu sò di Russia.
cs	Miluju tě. Není zač. Ahoj, to je Mike. Ahoj, jak se máš? Dobrý den, jsem Nancy. Ahoj? Jste stále ještě tady? Hlavu vzhůru! Všichni lidé rodí se svobodní a sobě rovní co do důstojnosti a práv. Jsou nadáni rozumem a svědomím a mají spolu jednat v duchu bratrství. Zkusme něco! Musím jít spát. Co děláš? Dneska je 18. června a je Muiriel narozeniny! Všechno nejlepší k narozeninám, Muiriele! Muiriel je 20 nyní. Heslo je "Muiriel". Vrátím se brzy. Já nevím. Nemám slov. Tohle nikdy neskončí. Já starčí nevím, co říct... To byl zlý králík. Byl jsem v horách. Je to nedávný snímek? Já nevím, jestli mám čas. Z nějakého důvodu nefungoval mikrofon dříve.
cv	Хĕвел анăç фронтĕнче улшăнусăр Шухăшлатăп, эппин эпĕ пур. Эпӗ кӗнеке илтӗм. Эпӗ математика вӗренетӗп. Кӗнеке вулать. Манӑн икӗ кушак пур. Кăлăклă кустăра пăккăра шăттеклĕ путланă пăккăр çурине та куртат. Тӗрӗс. Тӗрӗс мар. Тархасшӑн. Пысӑк тав! Ырӑ кун пултӑр! Эпӗ ҫӑрса пӗтертӗм. Яту мĕнле? Ырă каç пултăр. Рехмет! Манӑн шкула каяс килмест. Эпӗ кунта ҫиетӗп. Эпӗ халӗ ҫиетӗп. Эпӗ ҫиетӗп. Арҫын ача ҫӑкӑр ҫиет. Ку - йытӑ Ку - кӗнеке Санӑн икӗ кӗнеке пур. Пӳртӗмре икӗ зомби пур.
cy	Mae e'n byw yng Nghaerdydd. Dw i ddim yn hoffi coffi. Es i i'r siop. Dw i'n dod o Loegr. Dw i'n dy garu di. Mae'r car yn las. Ble mae'r llyfr? Dw i'n hoffi ieithoedd. Dw i'n gwybod. Ond fe gysgodd fel baban. Dyma eich allwedd. Mae annwyd arnaf i. Wyt ti'n hoffi te? Beth sydd fel arfer yn achosi'r boen? Pwnc heddiw ydyw "y broblem o bobol Siapanaidd sydd wedi cael eu herwgipio gan Ngogledd Corea". Cafodd hi ei geni yn America. Mae e'n dod o Gymru. Mae e'n gwybod ble dyn ni'n byw. Pwy ydw i? Esgusodwch fi. Ydych chi'n siarad Saesneg? Faint yw hwn? Ble mae'r toiled? Penblwydd Hapus! Mae fy hofrenfad yn llawn llyswennod. Tom ydy fy ffrind gorau.
da	Hvordan har du det? På trods af al sin rigdom og berømmelse, er han ulykkelig. Jeg ved ikke hvad jeg skal gøre. Han tror det er umuligt for mig at bestige bjerget alene. Jeg kan ikke lide æg. Folk som ikke synes at latin er det smukkeste sprog, har intet forstået. Vi fløj over Atlanterhavet. Hvorfor stod du så tidligt op? For at slå tiden ihjel, slentrede jeg gennem gaderne. Mange amerikanere er interesserede i jazz. Vent venligst et øjeblik. Disse blomster vil for det meste overleve vinteren. Døden bliver ofte sammenlignet med søvn. Hun er ikke læge. Røgalarmen er aldrig blevet vedligeholdt. Han er skyldig i tyveri. Hvad er du interesseret i? Han faldt i grøften. Der kommer til at være et problem. Jeg synes de er rigtig sjove. Min far skulle til at gå da telefonen ringede. Mærkeligt, ikke? Vi skulle allerede være nået frem. Jeg vil kalde på en politibetjent. Jeg vil ringe for at få det bekræftet. Jeg vil ikke spise morgenmad i dag.
de	Lass uns etwas versuchen! Ich muss schlafen gehen. Was ist das? Heute ist der 18. Juni und das ist der Geburtstag von Muiriel! Herzlichen Glückwunsch zum Geburtstag, Muiriel! Muiriel ist jetzt 20. Das Passwort ist "Muiriel". Ich werde bald zurück sein. Ich finde keine Worte. Das wird nie enden. Ich weiß einfach nicht, was ich sagen soll. Das war ein böses Kaninchen. Ich war in den Bergen. Ich weiß nicht, ob ich Zeit dazu habe. Aus irgendeinem Grund hat das Mikrofon gerade nicht funktioniert. Letztendlich muss jeder selbst lernen. Die Ausbildung in dieser Welt enttäuscht mich. Zum Lernen sollte man nicht gezwungen werden. Zum Lernen sollte man ermutigt werden. Es ist eine schwere Aufgabe, zwischen "richtig" und "falsch" zu unterscheiden, aber man muss es tun. Das wird nichts ändern. Das wird 30 € kosten. Ich verdiene 100 Euro pro Tag. Es kann sein, dass ich bald aufgebe und stattdessen ein Nickerchen mache. Das liegt daran, dass du nicht allein sein willst. Das wird nicht passieren.
dv	ބޭންކު ހެދީ ވާދަވެރިކަން ބޮޑުކޮށް، އިންޓަރެސްޓް ކުޑަ ކުރަން ރާއްޖޭގައި އިތުރު ބޭންކެއް ހެދުމުގެ މަގުސަދަކީ ބޭންކިން ދާއިރާގެ ވާދަވެރިކަން ބޮޑުކޮށް، އިންޓަރެސްޓް ރޭޓް ކުޑަ ކުރުމަށް ބާރު އަޅަން ކަމަށް ކޮމާޝަލް ބޭންކް އޮފް މޯލްޑިވްސް ގެ އެއް ހިއްސާދާރު އަދި މަޝްހޫރު ވިޔަފާރިވެރިޔާ، ޗަމްޕާ ހުސެއިން އަފީފު މިއަދު ވިދާޅުވެއްޖެ އެވެ. ހާލު ކިހިނެއް؟ ކޮން އިރަކުން ގެއަށް އަންނަނީ؟ އަހަރެން ދަނީ-އެވެ. އަހަރެން މަސަތްކަތް ކުރަނީ ބޯކޮށާ ތަނެއްގަ-އެވެ. މި ތަނުގައި މަސަތްކަތް ކުރާތާ ތިން މަސް ވެއްޖެ-އެވެ. އަހަރެންގެ ނަމަކީ އަލީއެވެ. އެގެ ހުރީ ހުސްކޮށެވެ. ޓޮމްއަކަށް ދުވަހަކުވެސް އެހެން ހަދާކަށް ނުލުބުނެވެ. ޓޮމް ތަންކޮޅެއް މަކަރުވެރިއެއްނޫންތަ؟ އަހަރެންގާތުގައި ޓޮމް ބުނީ އޭނާ ކަންފަސޭހަވެގެންއުޅުނުކަމެވެ. އޭނާގެ ބޯ ހުރީ ބާލާފައެވެ. ސިންގާއަކީ މަސްކާ ޖަނަވާރެކެވެ. ޓޮމް މިހާރު ރުއިން ހުއްޓާލައިފިއެވެ. ސާމީ، އޭނާގެ މަދުރަސާގައި އޭނާއަށް މަލާމާތްކުރާ ކުދިންނާ ތަޅާފޮޅަން ފެށީއެވެ. ޓޮމްއާއި މޭރީ ބުނީ އެމީހުންތިބީ އެކަންޏެއް ނޫންކަމަށެވެ. ޒުވާނުން ވަރަށް ފޮނިދައަކާނެއެވެ. މަޑުމައިތިރިކޮށް ތިބުމަށް އެދެމެވެ. ކޮންމެވެސް މީހަކު ދޮރުމަތީގައި އެބަހުރި. ގޮސް އެއީ ކާއުތޯ ބަލާބަލަ. ޓޮމް ދުވަހަކުވެސް ކަލެއާ ފަރަންސޭސިބަހުން ވާހަކަދައްކާތަ؟ އަސްލުވެސް؟ މަރުހަބާ! ޤަބޫލެއް ނުކުރެވޭ! އަހަރެންގެ ނަމަކީ ޓޮމް.
ee	Aɖaŋuɖemɔ la le yeye. Wo menya be yapantɔ menye o. Esée be naɖe nɔ yeƒe afɔ liam. Nukata nyasiawo dzɔna esime nyeme nɔa anyi o ma hã? Nɔvi siwo melɔa wonɔewo o. Subu la kpe eye fu la fo. Eƒe dɔwɔwɔ la do dzidzɔ na mi. Egbe la, mɔ la dzi ƒo aya. Egbe la, dzi ŋgɔ la kɔ. Atikpala la le gbogblo la ƒlɔm. Tom ƒe ze ye nye esi. Eyi la le eƒe ɖɔ lɔm. Tɔm lɔa hadzidzi. Meɖe kuku, ateŋu ayɔm fie sia? Dzukplɔla la le nuƒoge le dzidziƒenukpɔmɔ dzi fie sia. Wɔna sia hia tamese ɖoɖowo. Wo tsiae le hoʋlila akpe ewo dome. Ðe wo sesena nawo be nase nusi nyɔnuwo kple ɖeviwo gblɔa na woa? Na be mia nye hɔ nyuitɔwo xeyi mavɔme. Ðoɖui ɖito si le teƒe gbadza maɖo liƒo siawo dzia ŋɔ nam. Amedzro ɖeɖe ko wo nye nam. Ðeviawo hã fɔa? Ŋdɔ. Ameka enye ŋutsu sia? Ŋdi!
el	Σας είπα ήδη ότι δεν είναι εδώ. Πάμε σινεμά; Τα αγγλικά δεν είναι εύκολα, αλλά είναι ενδιαφέροντα. Δεν ξέρω. Κανείς δεν με καταλαβαίνει. Δεν καταλαβαίνω. Πολύ μου χρησίμεψε. Είχα ένα ατύχημα. Το φιλμ κράτησε δύο ώρες. Ήρθα! Ο; Έχουμε καλεσμένο; Θα σου δείξω την πόλη. Θα το ξαναπροσπάθησω. Έχω μια ερώτηση. Έχεις χαθεί; Συγνώμη, έχω χαθεί. Με συγχωρείτε, παρακαλώ. Έχεις λείψει τόσα χρόνια. Πού γεννήθηκε; Πότε γεννήθηκε; Γεννήθηκε στην Αθήνα το 1956. Κάνει ζέστη σήμερα. Είναι τη τρίτη μεγαλύτερη πόλη της Σερβίας. Καλή ερώτηση. Είναι αργά. Είναι πολύ νέο.
en	Let's try something. I have to go to sleep. Today is June 18th and it is Muiriel's birthday! Muiriel is 20 now. The password is "Muiriel". I will be back soon. I'm at a loss for words. This is never going to end. I just don't know what to say. That was an evil bunny. I was in the mountains. Is it a recent picture? I don't know if I have the time. Education in this world disappoints me. You're in better shape than I am. You are in my way. This will cost €30. I make €100 a day. I may give up soon and just nap instead. It's because you don't want to be alone. That won't happen. Sometimes he can be a strange guy. I'll do my best not to disturb your studying. I can only wonder if this is the same for everyone else. I suppose it's different when you think about it over the long term.
eo	Laboremo igis Jack tio, kio li estas. Laborema homo havos sukceson en la vivo. Oni ne povas esti sukcesa, se oni ne estas laborema. Li malsukcesos en sia nova projekto, krom se li estos laborema. Oni ne povas esti sukcesa se oni ne multe laboras. Laboremo estis la ĉefa faktoro de lia nekredebla sukceso. La fajro ekbrulis. Pardonu, permesu al mi indiki tri erarojn en la supra artikolo. Ĉu vi entute aŭskultas min? Ĉiuj homoj estas denaske liberaj kaj egalaj laŭ digno kaj rajtoj. Ili posedas racion kaj konsciencon, kaj devus konduti unu al alia en spirito de frateco. Neniu komprenas min. Tio ŝanĝos nenion. Ne zorgu. Neniu scios. Mi ne komprenas. Mi ne malgajnos! Ne forgesu nin! Mi ne plu volas tion. Kiom for estas la flughaveno? Ni ne povas dormi pro la bruo. Kiom longe daŭras la vojaĝo per la flughavena buso al la flughaveno? Mi ŝatus rezervi ĉambron en hotelo. Al la hotelo Hilton bonvolu. Kie ekas la flughavenaj busoj? Kiu estas via sangogrupo?
es	¡Intentemos algo! Tengo que irme a dormir. ¿Qué estás haciendo? ¿Qué es eso? ¡Hoy es 18 de junio y es el cumpleaños de Muiriel! ¡Feliz cumpleaños, Muiriel! Ahora, Muiriel tiene 20 años. La contraseña es "Muiriel". Volveré pronto. No tengo palabras. Esto no acabará nunca. Simplemente no sé qué decir... Era un conejo malo. Yo estaba en las montañas. ¿Es una foto reciente? No sé si tengo tiempo. Por alguna razón, el micrófono no había funcionado hasta entonces. Todo el mundo debe aprender por sí mismo al final. La educación en este mundo me decepciona. El aprendizaje no debe ser forzado, sino estimulado. Es una tarea difícil elegir qué está "bien" o "mal", pero has de hacerlo. Eso no va a cambiar nada. Eso va a costar 30 €. Gano 100 € al día. Quizás me dé pronto por vencido y en lugar de eso me eche una siesta.
et	Sellises kärestikus ujuma minna oleks väga mõtlematu. Jõesängi mööda puhuv jäine tuul pani kõrvaotsad ka läbi paksu villamütsi tulitama. Läinud aastavahetuse melu meenutasid tänavatel vedelevad pudelid ja ilutulestiku rapped. Viirpuu hekk oli täis varblaste agarat säutsumist. Tema hoolimatu autojuhtimine lõppes surmaga. Kõik inimesed sünnivad vabadena ja võrdsetena oma väärikuselt ja õigustelt. Neile on antud mõistus ja südametunnistus ja nende suhtumist üksteisesse peab kandma vendluse vaim. Lobisedes maast ja ilmast möödus õhtu märkamatult. Lõpuks jõudsime välja kompromissile. Kas siis valetamine on ikka alati patt? Kohtunik mõistis ta aastaks ajaks vangi. Pole midagi, mis sunniks mind sulle oma tegevuse kohta aru andma. Kannatlikkus viib sihile. Tema plaan oli nii pöörane, et võttis meid keeletuks. Oota, kord koidab päev, mil paras on ilm. Lisage palun kvaliteedi sertifikaat. Käratsesime ja bussijuht heitis meie suunas pika pilgu. Teatud mõttes mõjub viisakas kõnestiil hävitavalt suhtlusõhkkonna siirusele. Kaenlaalused olid higised. Katustele kuhjunud lumi vajus sula saabudes räästaserva purikateks, mis panid möödujaid pilke pilvede poole pöörama. Ma sain hakkama täiesti uskumatu veaga. Ekspordisektori seis on nutune. Itaalia rahvaarv moodustab umbes poole Jaapani rahvaarvust. Just rahvastiku juurekasv oli see, mis tõi kaasa vaesust ja häda. Vihm oli kaljupinna lohkudesse mitmed loigud tekitanud. Ma mõistan küll, aga ometigi nõus ma sellega pole.
eu	Telefonoz hitz egin nuen. Dudarik gabe baten batek atea irekita utzi zuen. Haren itzulpena jatorrizkoarekin bat dator. Joan gaitezen ahal dugun guztia ikustera. Lurra borobila denik inork ukatu ezin duen kontua da. Hura aberatsa da, dudarik gabe, baina ez dut konfindantza beregain. Azken boladan ez dago gai on askorik. Hura lotsatia da eta beti atzean geratzen da. Hura eta ni lehengusuak gara. Harek astekari bat irakurtzen ari zen eserita. Bizirik irautea zuri zor dizut. Hurrengo astean zehatz-mehatz azalduko dizut. Hori ume batek ere egin dezake. Inorrek ez zidan laguntzarik eskaini. Hura triste sentitu zen lehengo aldiz zenbait hilabetetan. Tomek hari bat lotu zion kometari. Aska iezadazu besoa. Izkinako etxea gurea da. Lore asko ditut. Amak semengandik tira egin eta zutitu egin zuen. Arrano batek hegan egiten ari zen zeru goienean. Harek ez du nahi zure sezu bizitzaz hitz egin diezaiozun. Zaila da harekin hitz egitea. Lagun zahar batekin topo egin nuen estazioaren kanpo aldean. Haren jarrera harrotasun seinalea da .
fa	Lorem ipsum odor amet, consectetuer adipiscing elit. Consectetur curabitur feugiat pulvinar consequat habitasse nibh vestibulum tincidunt pulvinar nibh aptent arcu magnis velit volutpat facilisis consectetur a etiam facilisis pulvinar tempus justo malesuada conubia libero porttitor magnis mauris est bibendum interdum arcu fringilla natoque mattis semper.
fi	Hänen äänensä kävi hermoilleni. Lue mittarin lukema. Sillä maalla on yhteinen raja kahden muun maan kanssa. Imuroin pölyt lattialta pölynimurilla. Kuulin sen suoraan naapuriltani. Isoisä alkoi käydä vanhaksi, joten hän jäi eläkkeelle. Tytön kasvot kalpenivat hänen kuullessaan pojan sanat. Heinäkuun kymmenentenä avaamme Sapporoon sivuliikkeen. Elämänkerran kirjoittamisessa on vaikeaa se, että se on puoliksi dokumentointia ja puoliksi taidetta. Perjantai-iltana kolme miestä saapui herra Whiten hotellille ja pyysi yösijaa. Isäni työskentelee insinöörinä siinä tehtaassa. Se laulaja oli parhaimmillaan tuon laulun aikaan. Tuuli puhalsi sateen suoraan kasvoilleni. Hän huomasi soutuveneen kaukaisuudessa. Sinä taidat olla aivan heikkona ruokaan, vai kuinka? Aina kun olen hänen lähellään, hermostun. En pärjää päivääkään ilman tätä sanakirjaa. En ole voinut käydä koulussa viikkoon. Kokeillaanpa jotakin! Minun täytyy mennä nukkumaan. Mitä teet? Hän halveksii alempiin yhteiskuntaluokkiin kuuluvia ihmisiä. Hänellä on etunaan hyvä ulkonäkö. Hän on kymmenen lapsen äiti. Hän aikoo tehdä vielä yhden asuunsa sopivan puseron.
fj	Bula. Ni sa yadra! Ni sa bula. Ni sa bula! Ni sa moce! Ni sa moce. Sa dede da sega ni sota! Sa dede da sega ni sota. Vacava tiko? Vinaka! Vinaka. Vinaka vaka levu! Vinaka vaka levu. Jilou! Jilou? Da kana. Da kana! Au sega ni taura rawa. Tukuna tale mada? Yalo vinaka. E vica na kena i-sau? E vei na vale-lailai? O kemuni mai vei? O kemuni mai vei, Karen? Sega na lega!
fo	Øll menniskju eru fødd fræls og jøvn til virðingar og mannarættindi. Tey hava skil og samvitsku og eiga at fara hvørt um annað í bróðuranda. Í dag fleyg ein stórur bilur av vegnum. Eg las aldri bókina. Hvussu gongur tað? Hetta er eitt ross. Hetta er ein hestur. Tað er alvíst um allar bygdir. Dagarnir koma akandi. Nú er søgan øll. Øll hava rætt til vernd av andaligum og evnisligum áhugamálum í sambandi við eitt og hvørt vísindaligt, bókmentaligt ella listarligt verk, sum avvarðandi hevur greitt úr hondum. Góða nátt Tatoeba. Vit síggjast í morgin. Góðan morgin, Mike. "Hvar býrt tú?" "Eg búgvi í Tokyo." Hann er bøssi. Eg eri bestur. Eg eri best. Og nú skal eg siga tær mítt loyndarmál. Tað er sera einfalt: einans við hjartanum kanst tú síggja rætt. Tað avgerandi er ósjónlegt fyri eyganum. Bókin liggur á borðinum. Hetta er mín telda. Lívið er sum ein stórur motorvegur. Hann er lærari. Eg eri lækni. Eg eri ikki lækni. Góða nátt. Eitt mál er als ikki nóg mikið.
fr	Lorsqu'il a demandé qui avait cassé la fenêtre, tous les garçons ont pris un air innocent. Je ne supporte pas ce type. Pour une fois dans ma vie je fais un bon geste... Et ça ne sert à rien. Ne tenez aucun compte de ce qu'il dit. Essayons quelque chose ! Qu'est-ce que tu fais ? Qu'est-ce que c'est ? Aujourd'hui nous sommes le 18 juin et c'est l'anniversaire de Muiriel ! Joyeux anniversaire Muiriel ! Muiriel a 20 ans maintenant. Le mot de passe est « Muiriel ». Je serai bientôt de retour. Je ne sais pas. J'en perds mes mots. Ça ne va jamais finir. Je ne sais simplement pas quoi dire... C’était un méchant lapin. J'étais dans les montagnes. Est-ce que c'est une photo récente ? Je ne sais pas si j'ai le temps. Pour une certaine raison le microphone ne marchait pas tout à l'heure. Tout le monde doit apprendre par soi-même en fin de compte. L'éducation dans ce monde me déçoit. L'apprentissage ne devrait pas être forcé. L'apprentissage devrait être encouragé. C'est une tâche difficile, choisir ce qui est « bon » ou « mauvais », mais il faut le faire.
ga	Cá bhfuil críochfort na mbus? Nuair a dhúisigh mé, bhí brón orm. Tosaíonn an t-oideachas sa bhaile. Táim i ngrá leat. Glanaimid ár rang tar éis scoile. Nár bhuaileamar riamh? Feicim do chat sa ghairdín. Go raibh míle maith agat! Is liom na leabhair seo go léir. Ná déan dhá rud ag an am céanna. Beidh sé ag scríobh litir. Tá Londan, príomhchathair Shasana, suite ar an Tamais. Stop sé ag léamh leabhar. Ba mhaith liom labhairt le d'uncail. An bhfuil aon rud a ól sa chuisneoir? Táim ábalta an Spáinnis a léamh go heasca. Fuair Taro bás dhá bhliain ó shin. Déan mise cupán tae, más é do thoil é. Is leo an leabhar sin. Is maith leis an sacar. Ná lig éinne dul isteach sa seomra. Tá tinneas cinn orm. Tá tuirse orm. Imróidh mé leadóg an tráthnóna seo. Cuir an gunna ar an mbord.
gd	Tha am ballach ag ithe aran. Bha am fear ag ithe aran. Tha a bhean ag òl uisge an-dràsda. Bha mi ag èisteachd ri òran glè bhòidheach an-dè. Chan fhaca mo mhàthair am ballach air an t-sràid. Bidh m' athair a' dèanamh biadh blàsta dhomh a-màireach. Chan urrainn dha phiuthar ruit a bhruidhinn an-diugh. Is toigh leis an teaghlach aige gu mòr coimhead air an telebhisean a h-uile latha. Choinneach an neach-ionnsachaidh a' bhean sin an-uiridh. Tòisich an neach-teagaisg ri Beurla ionnsachadh am bliadhna. a h-aon, a dha, a tri, a ceithir, a coig, a sia, a seachd, a h-ochd, a naoi, a deug, a h-aon deag, a dha dheag, a tri deug. Chan urrainn dhomh ga faicinn. Dè a tha sin? Tha e glè luath. Tha e a' bruidhinn gu luath. Chan eil mi a' bruidhinn gu luath. Tha mi an dòchas gum bheil thu ga tuigsinn. Dh'ithe am fear aran. Trobhad an-seo 's cuidich leam. Chaidh i a-steach anns an tacsaidh. Thàinig mi a-mach anns an tacsaidh. Tha mi tinn. Am bheil thu a' coinneamh le duine an-seo? Nuair a chaidh Màiri a-steach anns an t-seòmair, bha Jack a' sgur a bhruidhinn air ball. Chan fheum thu a thighinn dhan oifis a dh'obair Disathairne.
gl	Celebramos o seu aniversario. Quero auga. El toca moi ben a guitarra. O neno temía que o deixasen só na escuridade. Non vou tolerar ningunha desas mentiras. A súa conciencia culpábel non lle deixará descansar ata que confese o que fixo. Axúdasme a buscar as miñas chaves?. Eu estaba demasiado canso para continuar traballando. Se chove mañá non irei. Que idioma fálase no seu país? Sei nadar de peito, pero non de costas. Quen máis pode contestar á miña pregunta? É moi difícil exterminar ás cascudas da nosa casa. Son un covarde coas cascudas. Eu soa fixen ese vestido. Só che quedan dez segundos de vida. Non vés, verdade? Que tipo de traballo a tempo parcial ten vostede? Viaxou vostede durante o verán? Tódolos días usamos moitas cousas que Edison inventou. Esta caixa é dunha cor distinta ao daquela. Chamámolo "heroe", pero el traizoounos. A xente trata de fuxir da calor da cidade. Elixírono presidente. É preciso sempre facer todo o posíbel.
gu	ઉદજન અને પ્રાણવાયુ મિશ્રણ કરીને પાણી બને છે। તારુ નામ શું છે? તમારુ નામ શું છે? હું સમજતો નથી હું તને પ્રેમ કરુ છુ. હું તો તને પ્રેમ કરું છું. હું માંસ ખાય છે. હું મારા ભવિષ્ય વિષે ખૂબ ચિંતિત છું. હું ચીઝ ખાય છે. આવજો. કેમ્ છો? તું એકલો છો? તે અમેરિકન છે. તે ખુશ છે. આજ હું વ્યસ્ત છું. હું વ્યસ્ત છું. એક, બે, ત્રણ, ચાર, પાંચ, છ, સાત, આઠ, નવ, દસ. શૂન્ય, એક, બે, ત્રણ, ચાર, પાંચ, છ, સાત, આઠ, નવ, દસ. શું તું અંગ્રેજી બોલી શકે છે? શું તેણી અંગ્રેજી બોલી શકે છે? તારી ઉમર કેટલી છે? રાજેન્દ્ર પ્રસાદ ભારતનાં પ્રથમ રાષ્ટ્રપતિ હતા. જવાહરલાલ નેહરુ ભારતના પ્રથમ વડાપ્રધાન હતા. મુંબઈ ભારતનાં મહારાષ્ટ્ર રાજ્યનું પાટનગર છે. મેક્સિકો ઉત્તર્ અમેરિકાનો એક દેશ છે.
gv	Ta'n ushtey glen. T'eh cummal ayns Sostyn. Cha nel sooillyn dhone ayd. Cha nel gunn echey. Vel co-earrooder noa eck? Shegin dou goll dys y phremmee. Kys t’ou? Gura mie ayd! Ta mee breaw. Ta streighyraght houree aym. Gura mie eu! Moylley dhyt! Ta mee. Slane lhiat. Slane dhis! Shegin da goll dys yn ‘eeackleyr jiu. Quoid paitçhey t’eu? Shegin dooin goll ec jerrey y vee. Va laa aalin ayn jea. Ta’n Ghaelg aashagh dy liooar! Cha nee bleb mee! C'red t'ou jannoo jiu? Jeigh yn dorrys! Vel shiu toiggal? Vel oo toiggal?
ha	Ban gane ba. Zan koyama Hausa kai kuma ka koyaman Koriyanci. Idan kana jin yunwa sai kaci. Ina son inyi karatu kamin inyi barci. Ina son inbiya karatuna kamin inkwana. Ina son inci abincin koriya. Ina son cin abincin koriya. Dakin tom dan karami ne. Na rasa kyamarata kwanan baya. Kyamarata ta bata kwanan baya. Idan ka gama, ka mayar mini. Idan kacijeni kaima zan cijeka. Wannan fim din yanada kyau. Birninmu sai kara haɓaka yakeyi. Garinmu sai kara haɓaka yakeyi. Kana wasan ƙwallon ƙafa? Ina ne restaurant? Ina ne wajen da ake sayarda abinci? Ina ne wajen bahaya? Ina ne wajen kashi? Ina koyan yare biyu. Ina karatun faransanci. Ina kuma karatun jamananci. Ina karatun lissafi fiye da yarda nike karatun turanci. Nagode daka gayaman abinda bakaso. Yanzu zai zaman man dasauki inyaqeka. Nagode daka gayaman abinda bakaso. Yanzu zai zama mai sauqi gareni in yaqeka.
he	בוקר טוב. לא חשוב. מה אתה עושה? תעשה משהו! מה אתה רוצה לעשות? חייך עכשיו, תבכה אחר-כך! אני עייף עכשיו. בבקשה תחשוב על זה. אתה חושב יותר מדי. תחשוב על זה. לך לרופא לקחת מרשם! "איפה הבית שלך?" "הוא שם". "אתה המורה של ישראל", אמר ישו. מתי אתה מתעורר? אני מתעורר בשמונה. אני שוכב על הדשא. לא ללכת על הדשא. לא מספיק אור כדי לצלם. לפעמים התמונות האלו לא מספיק טובות. אתה יכול לזהות את הבן אדם בתמונה? בתמונה כולם מחייכים. הסימול "&" משמעו ו' החיבור. "מי הבחורה הזאת?" "זאת קיוקו". "ראיתי אותה לפני חמישה ימים", אמר. היא קרעה את המכתב לחתיכות. הוא אוהב לשתות קפה בלי סוכר.
hi	मैं मोहन के साथ गेंद खेलने जा रहा हूँ। क्या तुम इसे राज़ रख सकते हो? एवरेस्ट पर्वत दुनिया का सबसे ऊँचा पर्वत शिखर है। आप कहाँ बैठना चाहेंगे? अगर तुम्हारे पास काल यंत्र होता... तुम कब लौट कर आओगे? वह अपने दोस्त के साथ बेंच पर बैठा है। वह हर सुबह सैर करने जाता है। उसके पास बहुत सारी इतिहास की किताबें हैं। मेरे पास एक कुत्ता है। शहर में सबसे अच्छा होटल कौन सा है? इस सप्ताह कौन सी फ़िल्में लगीं हुईं हैं? मुझे कल की छुट्टी लेने दीजिए। मुझे पियानो बजाना पसंद है। इंग्लैंड की राजधानी लंदन थेम्स नदी के किनारे है। पिताजी ने मुझे सम्मेलन कक्ष से निकलने का इशारा दिया। पिताजी मुझे सम्मेलन कक्ष से निकलने का इशारा दे रहे हैं। तुम्हें इन में से जो भी पसंद है ख़रीद लो, मगर तुम दोनों नहीं ख़रीद सकते। इस बात को क्योंकि केवल एक ही इनसान जानता है, यह बहुत महत्वपूर्ण नहीं है। यह एक किताब है। यह किताब है। हमने अध्यापकजी से पूछा: "हम आपकी शादी में आ सकते हैं क्या?" यह मेरा कुत्ता है। पर मुझे कबाब पकाना नहीं आता! तुम जिसके अतीत के बारे में कुछ भी नहीं जानते हो, ऐसे इनसान पर विश्वास मत करो।
hr	Bok. Bok, Tom. Ja sam student. Tko si ti? Zovem se Jack. Kako se ti zoveš? Zove se Tomojuki Ogura. Što je ovo? To je lutka. Je li tvoje? Je li tvoja? Je li tvoj? Moja je, nije njegova. Moj je, nije njegov. Moje je, nije njegovo. Bilježnica nije tvoja, njegova je. Njezin je, zar ne? Njezina je, zar ne? Njezino je, zar ne? To je njihova knjiga. To je moja mačka. Njegov je, zar ne? Njegovo je, zar ne? Njegova je, zar ne? Ovo je dobar udžbenik.
ht	Bonjou! Byen veni. Koman ou ye? Bon apre-midi! Ou, nou papa ki dan lesyel, Fer ou ganny rekonnet konman Bondye. Matant mwen renmen kreyòl mizik. "Mesi." "De ryen." Kijan ou di "Mwen renmen w" an franse? Kijan ou di...? Kijan ou di "kaisha" an angle? Kijan ou di "yuri" an angle? Kijan ou di "fromaj" an alman? Bonjou, Tom. Bon maten. Bon maten, Mike. Bon maten! Bon maten. Koman ou ye? Bonjou! Bon maten! Non mwen sè Tom Ki lè li fè? Mwen pa konprann. Mwen pa konnen. M pa vlè alè nan lekòl. Se kay Anita. Burj Khalifa aktyelman se gratsyél ki pi wo nan mond. Burj Khalifa kounye a se gratsyél ki pi wo nan mond.
hu	Ez nem lep meg. Minden emberi lény szabadon születik és egyenlő méltósága és joga van. Az emberek, ésszel és lelkiismerettel bírván, egymással szemben testvéri szellemben kell hogy viseltessenek. Hogy vagy? Köszönöm! Köszönöm szépen! Ez tényleg szörnyű. Vettem egy táskát. Van nálad egy ceruza? Veled menjek? Ha ő jön, én is megyek. Ne állj mindig az ő oldalára! Hét fia van. Ön nincs bejelentkezve. Fel a fejjel! Egy jó szótárat akarok. Nem akarok iskolába menni. Egyszer teszek az életemben jó dolgot... és teljesen hiába. Nem beszélek japánul. Mit csinálsz? Mennem kell aludni. Jim még mindig nem jött meg? Boldog születésnapot, Muiriel! Muiriel húsz éves. A jelszó: Muiriel. Nem találok rá szavakat.
hy	Ճապոներեն չեմ խոսում: Դա սյուրպրիզ է: Ցուրտ է: Անձրև է գալիս: Մեզ մասին չմոռանաս: Կարևոր չէ: Տոմսը չմոռանաս: Բարի վերադարձ: Չգիտեմ: Դա ոչինչ չի փոխի: Բարև: Անգույն կանաչ մտահաղացումները զայրացած քնած են: Սա ձին. Ես սիրում եմ ակվիտաներեն լեզու: Բարեւ աշխարհի! Ես ուսանող եմ: Այո: ,,Բուրջ-խալիֆը,, ներկայումս համարվում է աշխարհի ամենաբարձր երկնաքերը: Ես բուսակեր եմ: Ես շատ ուրախ Վրաստանում. Էսպերանտո, միջազգային ու հեշտ լեզու. Ես ոչ ոք չի հասկանում. Ֆրանսիան Արեւմտյան Եվրոպայում: Մոռացեք այդ մասին: Քրիստոս հարյավ ի մեռելոց:
ia	Io parla interlingua. Io es jornalista polonese. Io scribe un littera electronic a mi fratre. Milliones de homines comprende interlingua a prime vista. Interlingua es un instrumento moderne de communication international. Io es felice. Io vide un libro. Le libro es blanc. Le libro es grande. Io prende un libro. Io ha duo libros. Le senior es elegante. Io vide un senior e un seniora. Le senior sta ante un banco. Le libro es micre. Tote le esseres human nasce libere e equal in dignitate e in derectos. Illes es dotate de ration e de conscientia e debe ager le unes verso le alteres in un spirito de fraternitate. Ideas verde incolor dormi furiosemente. Nos non le cognosce. Io ama le sol. Io scribe un littera. Io te ama. Es ille vostre amico? Io lege un libro. Ille jectava su joculo. Ubi es le vodka?
id	Ibu sedang masak di dapur. Mary tidak punya teman bicara, tapi dia tidak merasa kesepian. Mary adalah gadis yang enak diajak bicara. Mary memutuskan untuk tidak akan menemuinya lagi. Apakah Mary sudah mulai? Mary sangat suka susu. Mary belum mulai. Mary gagal lagi. Meski begitu, dia masih muda. Mary selalu membantu pacarnya mengerjakan tugas. Pesawat ini mampu menampung 40 orang penumpang sekali terbang. Harga tanah di Jepang mahal sekali. Dilihat dari pesawat, pulau itu terlihat indah sekali. Pulau itu ada di Jepang sebelah selatan. Pulau itu ada di Jepang sebelah barat. Pulau itu tertutup es dan salju selama musim dingin. Pulau itu ditemukan oleh siapa? Pulau itu dihantam topan. Pulau itu mudah dijangkau dengan perahu. Pulau itu bagaikan surga bagi anak-anak. Setiap jengkal pulau telah dijelajahi. Pulau itu terletak dua mil dari pantai. Pulau itu terletak satu mil dari pantai. Pulau itu hangat sepanjang tahun. Pulau itu pernah diperintah Prancis. Pada tahun 2030 dua puluh satu persen populasinya akan melebihi enam puluh lima.
ig	Ana m ele anya ya. Mbe enweghị ezé. Tom Kedu. I wepuru ahihia ahu? Gwagodi Tomu ka-obata n'ime? I nwere Ike Igwa Tomu ka-obata n'ime? I na-akwado Iga ebe ahu? Tomu na Mari akpara Ihe ahu? Enwere m ike ibiri gi diksonari a? Ihuru mgbe Tomu bara n'me ugbo ala ahu? Enwerem ike iju gi ajuju ozo? Mu na ndi be Tomu ahubeghi. Akam ahubeghi ndi be Tomu. Amam na Tomu na-aruru Meri Oru. Ikwukwara Ihe meru? Amam na Tomu choro igwa m okwu. Amam na Tomu choro ka mu na ya kpa. Amam na Tomu choro ka mu na ya kwo. I tinyere ihe na-asa efere ka obido. Mu na Tomu enwere Ike ikwu maka ihea? Obu n'imaburo maka ihea? Gịnị? Ndo... Biko. Ndewo!
ii	ꆏꇿꁧꂯ？ ꆍꀁꇬꊿꈍꑋꐥ？ ꋋꆹꂘꃀ. ꉡꆹꍏꇩꊿ. ꋋꆹꍏꇩꊿ. ꆏꋙꋠꀕꀐ？ ꀃꑍꑬꆏꌕꑍꉬ. ꀃꑍꑬꆏꏃꑍꉬ. ꆏꉾ！ ꄧꃅꇇꀤꀐ。 ꄧꃅꀋꅞꉖꂳꆹꏭꅇꉉ。 ꑭꋧꋪꃅꉜꄉ。 ꆏꀀꄡꑟ。 ꄡꐺ。 ꆏꑴꌠꇁꂸ。 ꋌꀀꂸ。 ꆏꉈꅐꅐ？ ꀊꋨꆹꉠꌶꅉꉬ。 ꉢꐋꀨꂷꈁ。 ꋋꆹꉠꐋꀨꉬ。 ꋍꎸꅍꃆꀞꀊꃴ。 ꆏꑴꁱꁬꑴ。 ꄧꃄꆹꁧꂯꀐ。 ꂷꉐꐛꇁꂯꀐ。 ꆏꑞꃅꀃꈈꀊꋨꐬꁉꀐ？
io	Klabaster e Gizmo esas kati. Ica hundi esas granda. Me pensas ke olu esas tro granda. Me havas martelo, e me ne timas uzar olu! Me komprenas nun. Me trovis ke klozar la pordo esis desfacila. Voluntez klozar la pordo. Ilu klozis la pordo. Ka tu ne esas felica? Me ne savas. Me projetas irar a Kobe nexta semane. La explozo eventis acidente. Ube iras la treno? Me prizas voyajar per treno. Ka vu avertos me kande ilu venos? Atomal energio utilizesus por pacoza skopi. Vu darfas skribar per irga linguo. Che Tatoeba, omna lingui egalesas. Demetrius kalumnias me! Ta ligno ne brulas. Il iras a la biblioteko por lektar libri. Ta esas precize la libro quan me volis lektar. Ti qui esas mortonta salutas vi. Ta esas granda domo. Sur la tablo esas libro. Ne timez. Vu darfas fidar a me.
is	Hver maður er borinn frjáls og jafn öðrum að virðingu og réttindum. Menn eru gæddir vitsmunum og samvizku, og ber þeim að breyta bróðurlega hverjum við annan. Hann fór til Boston í bíl. Vandamálið er að ég er ekki með neinn pening á mér. Þessi miði gildir í eina viku í viðbót. Ekki líta niður á fátækt fólk. Líkar þér japanskur matur? Ég er að leita að fastri vinnu. Vinsamlegast skrifaðu mér einstaka sinnum. Ritstjórinn leit yfir handritið. En hvað þetta er lítið sjónvarp! Virkar það í raun og veru? Það veit ég ekki. Bróðir minn og ég deildum herberginu. Ég er þreyttur á að horfa á sjónvarpið. Þetta er húsið sem þau bjuggu í þegar þau voru börn. Við vöknuðum snemma til að geta séð sólarupprásina. Við sjáum mikið af bílum á götunni. Hrísgrjón eru góð með mísósúpu. Að lokum lét hún undan honum og sagði frá leyndarmálinu. Ég mun byrja að vinna fyrsta júlí. Ekki leika boltaleiki í þessu herbergi. Kærastan mín er góður dansari. Það eru nær engin blóm í garðinum okkar. Vegurinn til Nagano er lokaður umferð. Það eru litlar líkur á að hún verði á réttum tíma. Laufin á trjánum verða gul á haustin.
it	Devo andare a dormire. Che cos'è? La parola d'accesso è "Muiriel". Non cambierà niente. Costerà trenta euro. Non ti preoccupare. Mi manchi. Sei sicuro? E allora? Per farlo, bisogna correre dei rischi. Perché lo chiedi? Non sono un artista. Non ho mai avuto lo spirito per queste cose. L'innocenza è una cosa bella. Non è importante. Mi piacerebbe tanto andare in Giappone. Mi volevi parlare di libertà? Salvo che qui non è così semplice. Ti amo. Congratulazioni! Neanch'io lo posso spiegare. Non sei abbastanza veloce. È un gioco di parole. Non è possibile. "Chi è?" "È tua madre." Ti prego, non piangere.
ja	きみにちょっとしたものをもってきたよ。 何かしてみましょう。 私は眠らなければなりません。 何してるの？ 今日は６月１８日で、ムーリエルの誕生日です！ お誕生日おめでとうムーリエル！ ムーリエルは２０歳になりました。 パスワードは「Muiriel」です。 すぐに戻ります。 知らない。 何と言ったら良いか分かりません。 きりがない。 何と言ったらいいか・・・。 こいつは悪いウサギだった。 私は山にいました。 それは最近の写真？ 時間があるか分かりません。 先程、どういうわけかマイクが入りませんでした。 この世界の教育にはがっかりしてしまう。 私は一日に100ユーロ稼ぎます。 すぐに諦めて昼寝をするかも知れない。 それはあなたが一人になりたくないからです。 そんなことは起きないでしょう。 彼は時々変です。 あなたの勉強を邪魔しないようにします。
jv	Aku kangen kowe. Aku kudu menyang kakus. Iki artiné apa? Menapa artosipun punika? Kepriyé kowé nyebutné iki? Kepripun panjenengan nyebat menika? Kepriyé kowé anggoné ngomong? Kepripun anggenipun panjenengan ngendika? Aku ngelih, durung mangan kawit mau isuk. Dhèwèké duwé gula. Piyambakipun gadhah gendhis. Piyambakipun kagungan gendhis. Manuké ana ing awang-awang. Peksinipun wonten ing awang-awang. Kowé luwih apik katimbang aku. Panjenengan langkung saé katimbang kula. Aja negori wit sing isih enom. Iwaké dhongé aja diguwak, isa dienggo pakan kucing. Manuk-manuké duwé werna abang. Paksi-paksinipun gadhah warni abrit. Ana pirang apel sing bok duwé? Ana pirang apel sing tok duwé? Ana pirang apel sing kok duwé? Wonten ing panjenengan wonten pinten apel? ꧋ꦲꦗꦤꦼꦒꦺꦴꦂꦫꦶꦮꦶꦠ꧀ꦰꦶꦁꦲꦶꦱꦶꦃꦲꦼꦤꦺꦴꦩ꧀꧈
ka	ამ ცხოველს იაპონურად რა ქვია? ჩვენ მოგვიწია გეგმის მიტოვება. მახსოვს, ადრე შევხვდი იმ პიროვნებას კემბრიჯში ჩვეს სკოლას ჯამში აქვს ოცდაოთხი კლასი. ჩვეს სკოლას ჯამში აქვს ოცდაოთხი (24) კლასი. ტონიმ არ იცოდა მათი სახელები. მე მიყვარს ისტორიის სწავლა. გემი ნაპირის გასწვრივ იყო. უკეთესი იქნებოდა, რომ არ წასულიყავი. რატომ გაიქცა? შემდეგ კვირას მოვა შეხვედრაზე? მერიმ(Mary) უკვე დაიწყო. სამუშაოს მორჩი? ძირითადად ბიჭებს უყვართ კომპიუტერული(Computer) თამაშები. გუშინ იყო კვირა, შაბათი კი არა. წერილი ბარდება დღეში ერთხელ. მე შენს მხარეს ვარ. პატარძალივით აცვია. სჯობს არ გააკეთო. ყველამ გაიმეორეთ ჩემს შემდეგ. ხვალ შეგიძლია დამიკავშირდე. წიგნმა "ჩამითრია" და შენი ხმა ვერ გავიგე. სახლში, რომ შევდიოდი ხალიჩას ფეხი წამოვკარი. სახლში, რომ შევდიოდი ხალიჩას ფეხით წამოვედე. სამი ცალი მომეცით გეთაყვა.
kk	Алматылықтар, балалар үшін мейірімді қала жасайық! Ерекше атап өт! Сименс. Біз әр жанұяға қажетпіз. Алматы - менің сүйікті қалам! Олар бізден барлық қагаз жұмысты өзіне алды. Жаңа жылыңызбен! Интернет пен телефонды бір жинақта сатыл ал! Сен МЕТРО-да жұмыс істегің келе ме?! Қош келдіңіздер! Сен дәретхана! Алдын ала төлемсіз ал да, артық төлемсіз төле. Біздің күшіміз - бірлікте! Жақа құйылған — ең бастысы. Еркің өзіңде болсын! Батар күннің атар таңы бар. Біздің тарифтеріміз азайтылды! Жоғары білім сапасы ең жоғары халықаралық талаптарға жауап беруі тиіс. Әзір тамақ жоқ. Мынау кім? Бұл Қазақстанда жасалған. Бұл тамақ. Бұл Брайан Рок. Жоқ. Иә. Сәлем.
kl	Arriitsumik oqalulaarit. Apivoq. Ingerlalluarit! Ulloq atorluariuk. Canadamiinnikuuit? Asavakkit. Nerilluarit. Nerilluarina. Tassani issiasoqanngila? Nerisassat allassimaffiat qaalaaruk. Ikiortissamik! Normuga tassa 789. Isumaqarpunga ilumoortutit. Jack-imik ateqarpunga. Pujortarneq ajorpoq. Nallinnannguaq! Qujanarsuaq! Qujanarujussuaq. Iipilimik nerivunga. Qimmeqarpunga. Qitsoqarpunga. Manna qimmeq angivoq. Aasiaat akaarinngilakka. Biileqarpunga. Computereqarpunga.
km	ការ​លះ​កាត់​ចិត្ត​ចេញ​ពី​ខ្លួន​ឯង​មិន​មែន​មាន​ន័យ​ដូច​ការ​បដិសេធ​ខ្លួន​ឯង​ទេ។ ការ​បដិសេធ​ខ្លួន​ឯង​មាន​ន័យ​ថា ការ​តម​អាហារ ការ​តម​ការ​សប្បាយរីករាយ ឬ​ការ​លះបង់​ទ្រព្យសម្បត្តិ​ផ្សេងៗ។ នេះ​គឺ​ជា​សេចក្តី​ស្រឡាញ់​ដែល​ចាត់​ទុក​អ្នក​ដទៃ​ប្រសើរ​ជា​ជាង​ខ្លួនឯង។ គឺ​ជា​សេចក្តី​ស្រឡាញ់​ដែល​គ្រប​បាំង​អំពើ​បាប​ជា​អនេកអនន្ត។ ហើយ​គឺ​ជា​សេចក្តី​ស្រឡាញ់​ដែល​រង​ទុក្ខ​យូរ​អង្វែង​ហើយ​និង​សប្បុរស។ តើ​ការ​លះ​បង់​ចោល​អ្វីៗ​ទាំង​អស់​មាន​ន័យ​យ៉ាង​ដូចម្តេច?​ សិស្ស​នៅ​តែ​​អាច​ទទួល​បាន​នូវ​ការ​អត់ទោស​​​បើ​ទោះ​ជា​គេ​មិន​មាន​សមត្ថភាព​ខ្លាំង​ក្លា​ខាង​ប្រាជ្ញា​ក៏​ដោយ។ ប៉ុន្តែ​សិស្ស​មិន​អាច​យក​លេស​រួច​ខ្លួន​បាន​ទេ បើ​គេ​មិន​មាន​ភាព​ឧស្សាហ៍។ ដប់ ដប់មួយ ដប់ពីរ ដប់បី ដប់បួន ដប់ប្រាំ ដប់ប្រាំមួយ ដប់ប្រាំពីរ ដប់ប្រាំបី ដប់ប្រាំបួន ម្ភៃ ។ ជំរាបសួរ ។ អ្នកសុខសប្បាយទេ? អ្នកមកពីប្រទេសណា? លា​សិន​ហើយ​។ អរុណសួស្ដី! ខ្ញុំចង់រស់។ ម៉ាក់​ខ្ញុំ​ខឹង​។ ក្មេងប្រុស​ទិញ​ឆ្កែ​។ ខ្ញុំ​គឺ​និស្សិត​។ ផ្ទះ​ត្រជាក់​។ ម្សិលមិញ​ធ្លាក់​ព្រិល​។ ផ្ទះ​របស់​អ្នក​គឺ​ធំ ។ ក្មេងប្រុស​បោះ​ថ្ម​។ ម្សិលមិញ​ពូ​ខ្ញុំ​ទិញ​ឆ្កែ​។ រងារ​។ ផែនទី​នៅ​លើ​ជញ្ជាំង​។
kn	ಒಂದು ಕಾಫಿ ಕುಡಿಯುವುದಕ್ಕೆ ಹೊರಗೆ ಹೋಗುತ್ತೇನೆ ನಿನ್ನೆ ಬಂದ ಹುಡುಗ ನನ್ನ ತಮ್ಮ ಆಗಿದ್ದ ಶುಭೋದಯ. ಇದು ಪುಸ್ತಕ. ಗಂಟೆ ಎಷ್ಟು? ನಾನು ಆ ಹುಡುಗಿ ನೋಡಿದೆ. ಅವಳು ನಾಚಿಕೆಪಡುತ್ತಾಳೆ ಅಂತ ಕಾಣಿಸುತ್ತೆ ಆದರೆ ನಿಜವಾಗಲು ಅವಳಿಗೆ ಜಾಸ್ತಿ ಸಂಕಲ್ಪ ಶಕ್ತಿ ಇದೆ. ನಿಮ್ಮ ನಿರ್ಗಮನದ ಬಗ್ಗೆ ಮೊದಲೇ ನನಗೆ ತಿಳಿಸಿರಿ. ಅವಳ ಧ್ವನಿ ಉತ್ತಮವಾಗಿದೆ. ನಿಮ್ಮ ಪುಸ್ತಕವನ್ನು ಒಂಬತ್ತನೆಯ ಪುಟಕ್ಕೆ ತೆರೆಯಿರಿ. ನೀನು ಅವನನ್ನು ಪ್ರೀತಿಸುತ್ತಿದ್ದೀಯ. ನಿನ್ನ ಭಾಷೆ ಕಲಿಯುವುದೇ ನನ್ನ ಗುರಿ. ನಿಮಗೆ ಒಂದೇ ಬಾರಿ ಎರಡು ಜಾಗದಲ್ಲಿ ಇರುವುದಕ್ಕೆ ಆಗಲ್ಲ. ಅಪಾಯ ಇರುವುದಕ್ಕೆ ಬಹಳ ಸಾಧ್ಯತೆ ಇದೆ. ಯಾವಾಗ ನಿನಗೆ ದುಡ್ಡು ಬೇಕಾದರೆ ಮಾತ್ರ ನೀನು ನನ್ನ ಜೊತೆ ಮಾತನಾಡುತ್ತೇಯ. ಯಾವಾಗಲಾದರು ನೀವು ನನ್ನ ಕಾರನ್ನು ಬೇಕೆಂದರೆ, ಬರಿ ಕೇಳಿ. ಚಲನ ಚಿತ್ರ ತಾರೆಯಿಂದ ಅವರು ರಾಜನೀತಿಜ್ಞರಾಗಿದರು. ಎಲ್ಲಿ ಡಾಲರ್ಗಳನ್ನು ಪೌಂಡ್ಸ್ಗೆ ಬದಲಾಯಿಸಬಹುದು? ನಾನು ಟೊಮನ್ನು ಬಿಗಿಯಾಗಿ ತಬ್ಬಿಕೊಂಡೆ. ಟೊಮನ್ನು ಅದನ್ನು ಮಾಡಕ್ಕೆ ಬಿಡಬೇಡಿ. ನಾವು ಮುಂಚೆ ಎಂದಿಗೂ ಭೇಟಿಯಾಗಿಲ್ಲವೆಂದು ಖಚಿತವಾಗಿ ಹೇಳುತ್ತೀರಾ? ನಾವು ಸತ್ಯವನ್ನು ಎಲ್ಲಿ ಕಂಡುಹಿಡಿಯಬಹುದು? ಬ್ರಸಿಲು ಅರ್ಜೆಂಟೀನದ ಮೇಲೆ ಯುದ್ಧವನ್ನು ಪ್ರಕಟಿಸಿದರು. ಜಾಸ್ತಿ ಹೊತ್ತು ಅವನಿಗೆ ಅವನ ಕೋಪ ತಡೆಯುವುದಕ್ಕೆ ಆಗಲಿಲ್ಲ. ಇದು ಭಯಾನಕವಾದ ದುರಂತ.
ko	뭔가 해보자! 자야 합니다. 뭐해? 그것은 무엇입니까? 오늘은 6월 18일, Muiriel의 생일입니다! 생일 축하해 Muiriel! Muiriel은 지금 20살입니다. 비밀번호는 "Muiriel" 입니다. 곧 돌아올께요. 모르겠어요. 이건 절대 끝나지 않을거야. 뭐라고 말해야 할지 정말 모르겠어... 나는 산에 있었어. 이 사진 최근 거에요? 시간 있는지 잘 모르겠어요. 이 세상의 교육이 나를 실망시켜요. 저는 하루에 100유로를 법니다. 왜냐하면 당신은 혼자가 되고 싶지 않기 때문이에요. 보고 싶어. 당신 좀 자야겠어요. 나는 갈 거에요. 유감스럽게도 사실이네요. 정말이에요? 일어났을 때 슬펐어. 혼자인 사람은 다른 사람들을 두려워하기 때문에 혼자다.
ky	Фотоаппаратымды тийбе. Иш журуп атат Мен студент экенмин. Ал студент эмес. Атыңыз ким? Мен доктор эмесмин. Мен менен концертге келесинби? Эч качан биологияны жакшы көргөн эмесмин. Менин эки мышыгым бар. Биздин кызыбыз жок. Сен сүйлөйсүң. Бир падышанын алты уулы бар экен. Алар душманга чабуул жасады. Мелдештин катышуучуларына ысык салам! Аялыңызга салам айтып коюңуз. Биз жаанда калдык. Алыстан караганда ал адамдын жүзүнө окшош болчу. Ал аябай көп сүйлөйт. Салам алейкум! Мен ажатканага баруум керек. Мектепке баргым келбейт. Деңизде аралдар бар. Бурдж Халифа азыр дүйнөдө эң бийик небоскрёб. Бурдж Халифа азыр дүйнөдө эң бийик имарат. Ыракмат!
la	Verba volant, scripta manent. Habemus papam. Acta, non verba. Ars gratia artis. De gustibus non est disputandum. Tempus fugit. Bonum est fugienda aspicere in alieno malo. Qui tacet, consentire videtur. Nihil novi sub sole. Ad rem. Barba non facit philosophum. Suum cuique. Epistula non erubescit. O dulce nomen libertatis! Alea iacta est. Laudamus veteres, sed nostris utimur annis. Finis coronat opus. Non vitae, sed scholae discimus. Non scholae, sed vitae discimus. Omnes homines aequales sunt. Scio me nihil scire. In dubio pro reo. Quod licet Iovi, non licet bovi. Si vis amari, ama! Veni, vidi, vici.
lb	Gréng Idien ouni Fuerw schloofen rosend. Firwat sangs du net? Ech wunnen zu Lëtzebuerg. Wéi geet et dir? Jo. Neen. Gudde Moien. Gudde Mëtteg. Gudden Owend. Si ass meng Fra. Ech brauch Hëllef! D'Kaz schléift op dem Dësch. Ech hunn zwou Kazen. Ech wëssen net, wie meng Mamm ass. Et iwwerrascht mech. Säin Geld ass an d'Bank. Ech sinn Dokter. Dir gesitt midd aus. Du gesäis midd aus. Ech gleewen et nach ëmmer net. Du bass keng Fra. D'Päerd ass net wäiss. Dëst Päerd ass wäiss. D'Vullen si rout. Ech ginn zu Fouss no Bilthoven.
lg	Teri atukiridde. Tukyabanga ebintu byaffe bingi. Saagala kugenda ku ssomero. Erinnya lyo ggw'ani? Siri musawo. Siri muyimbi. Nsobola okikola! Gyebale ko! Gyebale ko Ssebo! Weebale! Tukusanyukidde. Sitegeera. Tunaalabagana! Ndi mujjanjabi. Okola mulimu ki? Ndi mu kuwummula. Nkolera mu ddwaaliro. Njagala omulimu gwange. Okola buli lunaku? Bansasula enkya. Ofuna mmeka? Jangu wano. Genda mpola mpola. Genda eri. Nnyamba.
ln	Na lingui na liya soupou ya moto. Na lingui na lobéla yo likambo moko boyé. Na yébi té touna tom. Na lingaka koloba Lingala, mpo na yeba yango malamu. Bato nyonso na mbotama bazali nzomi pe bakokani na limemya pe makoki. Bazali na mayele pe base, geli kofanda na bondeko okati na bango. Ndako na yó wapi? Mbwá na yó wapi? Nkómbó na yó náni? Nkómbó ná yě náni? Mbóte, nkómbó na ngáí Pekka. Nkómbó na yó náni? Limbisa ngáí. Nkómbó na yó náni? Naloba kihispania moké. Nalobi kihispania té. Nazali na motuka you. Nazali na mbóngo you. Nalingí ótíndela ngáí búuku na yɔ́ ya Lingála. Okɛndɛ wápi lɛlɔ́ na mpókwa? Baákobénga yɔ́ na tɛlɛfɔ́n. Nkómbó na yɔ́ náni? Sɔ́kɔ́ oyákí lɛlɔ́, mbɛlɛ napésákí yɔ́ nkámá mɔ́kɔ́. Tozalí kokɛndɛ na ndáko. Mwána na ngáí ya mobáli akeí lɛlɔ́. Fungólá lininísa. Mwásí azalí libosó ya libángá monɛ́nɛ. Básí bazalí libosó ya mabángá mínɛ́nɛ.
lo	ສະບາຍດີ! ເຈົ້າຊື່ຫຍັງ? ດີໃຈທີ່ຮູ້ກັບເຈົ້າ. ບໍ່ເຂົ້າໃຈ. ຂອບໃຈ! ສະບາຍດີຕອນເຊົ້າ! ມະນຸດທຸກຄົນເກີດມາມີກຽດສັກສີ, ສິດທິ, ເສຣີພາບແລະຄວາມສເມີພາບເທົ່າທຽມກັນ. ທຸກໆຄົນມີເຫດຜົນແລະຄວາມຄິດຄວາມເຫັນສ່ວນຕົວຂອງໃຜຂອງມັນ, ແຕ່ວ່າມະນຸດທຸກໆຄົນຄວນປະພຶດຕໍ່ກັນຄືກັນກັບເປັນອ້າຍນ້ອງກັນ. ລາກ່ອນ! ລາວຮຽນພາສາອັງກິດ ແຕ່ລາວກໍ່ຮຽນພາສາເຍຍລະມັນດ້ວຽ ຂ້ອຍອ່ານພາສາເຍຍລະມັນໄດ້ ແຕ່ເວົ້າບໍ່ໄດ້ ມື້ໃດຊິໄດ້ ຂ້ອຍຂໍເບີໂທລະສັບເຈົ້າແດ່ ຂໍໂທດ ຂ້ອຍຮູ້ສຶກເປັນໄຂ້ ມື້ນີ້ວັນທີເທົ່າໃດ ? ມັນແມ່ນການສຸກເສີນ ຊ່ວຍແດ່່ ! ກະຣຸນາຮີບຮ້ອນແດ່ ຂ້ອຍຄິດວ່າ ຂ້ອຍເສັຍກະເປົາເງິນ ຂ້ອຍຄິດວ່າ ຂ້ອຍເສັຍຂໍກະແຈ ຂ້ອຍໄປໂຮງຮຽນ ຂ້ອຍມີແມວສອງໂຕ ການປິ່ນປົວບໍ່ໄດ້ຜົນ ທອມປະຕິເສດທີ່ຈະຍອມແພ້ ທອມຮູ້ວ່າອັນນີ້ມັນຕ້ອງຍາກ ລາວເຄຍຊີນກັບການເຮັດວຽກຢູ່ໃນຫ້ອງການ
lt	Ačiū! Labas. Kaip gyveni? Visi žmonės gimsta laisvi ir lygūs savo orumu ir teisėmis. Jiems suteiktas protas ir sąžinė ir jie turi elgtis vienas kito atžvilgiu kaip broliai. Ryžiai auga šiltose šalyse. Sveikas. Sveiki. Blogai jaučiuosi. Turiu eiti miegoti. Geras klausimas. Aš turiu klausimą. Jie gerai su ja elgėsi. Katė ant kėdės ar po kėde? Ji rūpinosi vargšu paukšteliu. Nėra prasmės prašyti manęs pinigų. Šis veiksmažodis įprastai naudojamas tik trečiam asmeny. Bet jai patiko vaikai ir ji mėgo savo darbą. Stručiai nemoka skraidyti. Japonija importuoja įvairias žaliavas iš užsienio. Jis papasakojo vaikams apie savo nuotykius Afrikoje. Aš turiu keletą gerų draugų. Jiems patinka Tsuneoki Ikeda. Pusė devynių. Aš gavau šį siurblį už dyką. Prašyčiau atnešti man stiklinę vandens.
lv	Lorem ipsum odor amet, consectetuer adipiscing elit. Consectetur curabitur feugiat pulvinar consequat habitasse nibh vestibulum tincidunt pulvinar nibh aptent arcu magnis velit volutpat facilisis consectetur a etiam facilisis pulvinar tempus justo malesuada conubia libero porttitor magnis mauris est bibendum interdum arcu fringilla natoque mattis semper.
mh	Men otemjej rej ilo bein Anij. Ej ṃõḷo. Ej ṃõñā. Ej rit. Enaj ṃõkaj. Ear etal. Ej eṃṃan. Ej bwil. Ij itok jen Amedika. Ij riit. Ij kaatak. Kwoj ta? Ij etal nan mweo ma. Ij etal nan mon wia. Ij etal nan mon jikuul. Kwoj etal nan ia? Raan in ta in? Allon in ta in? Kwaar lotak naat? Juon, ruo, jilu, eman, lalem, jiljino, jimjuon, ralitok, ratimjuon, jonoul. Jonoul, jonoul juon, jonoul ruo, jonoul jilu, jonoul eman, jonoul lalem, jonoul jiljino, jonoul jimjuon, jonoul ralitok, jonoul ratimjuon, ronoul. Jonoul, ronoul, jilnoul, enoul, lemnoul, jiljinonoul, jimjuonoul, ralitonoul, ratimjuonoul, jibukwi. Jete awa? Jete awa kiio? Jete am iio?
mi	Kei te ngenge ahau! I tatū te rererangi i te wā tika. He tere ia. Ka haere ahau i te tekau karaka. He ngeru, he kurī rānei? Kei te wātea koe āpōpō? Kāore e pai ki a au te tiakarete. He whakaaro tōku. He nui rawa te utu! Kāore anō au kia whakatau. Āhea te pāti? Kaua e wareware ki te tīketi. He tino makariri tēnei rangi. Kia ora mo ngā maumaharatanga. Kia pai te mahi ki te hunga e kino ana ki a koutou. Kei te tāhoe au i roto ki te moana. He āporo māku. Ko Roberto ahau. He nui te whare. E rua aku ngeru. Tēnei he wharekura. He tauira au. He tauira ia. Nāu tēnei kurī. Nāku tēnei kurī.
mk	Умирам од глад. На Запад ништо ново. Јас ја читам оваа книга. Бурџ Калифа е сега највисокиот облакодер во светот. Христос воскресна! Нема друго божество достојно за обожување освен Алах, и Мухамед е Божјиот пратеник. Правете им добро на оние што ве мразат. Добро сум, благодарам! Книгата е мала. Јас имам две мачки. Лебот е свеж. Мапата е на ѕидот. Каде е ќебето? Јас работам во фабрика. Мојата ноќ беше неверојатна. Жената е во собата. Столовете се под дрвото. Лебот не е свеж. Јаболкото е на масата. Оваа е книга за ѕвезди. Куќата е мала. Не живееме во Бостон. Џон живее во Њујорк. Том не е мојот син. Јас имав мачка.
ml	അഞ്ചുശരങ്ങളും പോരാതെ മന്മഥന്‍ നിന്‍ ചിരി സായകമാക്കി. പെട്ടെന്ന് അവന്‍ എന്നെ കണ്ടു. ദയവായി നിങ്ങളുടെ കുടുംബത്തെ പറ്റി ഞങ്ങളോട് പറയൂ. നിങ്ങള്‍ എപ്പോഴെങ്കിലും ഒരു തിമിംഗലത്തെ കണ്ടിട്ടുണ്ടോ? നിങ്ങള്‍ ഈ പുസ്തകം വായിക്കണം. ഞാന്‍ അവന്‍ വരുമെന്ന് വിചാരിച്ചു. അവള്‍ക്ക് ഐസ് ക്രീം ഇഷ്ടമാണ്. ഇന്നലെ ഞാനൊരു നായയെ വാങ്ങിച്ചു. ദൗര്‍ഭാഗ്യവശാല്‍ എന്റെ മാമി അതിനെ അത്താഴത്തിന് പാചകം ചെയ്തു. എന്റെ മകന് എന്നേക്കാള്‍ ഉയരമുണ്ട്. ഞാന്‍ ദൈവത്തില്‍ വിശ്വസിക്കുന്നില്ല. ഞാന്‍ അവനെ സന്ദര്‍ശിച്ചപ്പോള്‍ അവന്‍ വായനയില്‍ മുഴുകിയിരിക്കുകയായിരുന്നു. ഈ കെട്ടിടത്തില്‍ ആരും താമസിക്കുന്നില്ല. നിങ്ങള്‍ ഏതു വര്‍ഷമാണ് ജനിച്ചത്? ആരും എന്നെ മനസ്സിലാക്കുന്നില്ല. ആരും ജോലി ചെയ്യുന്നില്ല. എല്ലാവരും ലോകകപ്പ് കാണുകയാണ്. ആ മരുന്ന് അവളുടെ ജീവന്‍ രക്ഷിച്ചു. അവന്‍ ഊണ് കഴിക്കാന്‍ തുടങ്ങി. ദയവായി നിങ്ങള്‍ സംസാരിക്കുന്നതിന് മുമ്പ് നിങ്ങളുടെ കൈ ഉയര്‍ത്തുക. നമസ്കാരം. വെളിച്ചം ശബ്ദത്തേക്കാള്‍ വേഗത്തില്‍ യാത്ര ചെയ്യുമെന്ന് നിങ്ങള്‍ക്കെങ്ങനെ അറിയാം? ബസ്സില്‍ പോകുന്നതാണ് ലാഭം. വന്യ മൃഗങ്ങള്‍ കാട്ടിലാണ് ജീവിക്കുന്നത്. അവന് ഞങ്ങളെ ഇഷ്ടമല്ല. അവള്‍ പറഞ്ഞതെന്താണെന്ന് എനിക്ക് മനസ്സിലാക്കാന്‍ സാധിക്കുന്നില്ല. ആ വാതില്‍ അകത്തു നിന്ന് പൂട്ടിയിരിക്കുകയായിരുന്നു.
mr	मला पडायची भिती वाटते. खिडक्या उघड्या ठेवून झोपू नकोस. ती आपल्या मित्र-मैत्रीणींबरोबर मॉलला गेली. तिने मला माझे पैसे परत केले नाहीत. बिल, मला आज रात्री फोन कर. "तुला तुझी वॉशिंगमशीन कशी वाटली?" "काय वाईट नाहीये." जरा आमच्यासाठी दोन कप चहा आणि एक कप कॉफी आणा. शत्रूने त्या इमारतीवर मजबूत हल्ला केला. कृपया आवाज करू नका. तो भाव मला माहीत आहे. असं कळून आलं की तो खूप वेळापासून मेलेला होता. माझ्या वडीलांना तो चित्रपट पाहायचा नव्हता. हवामानाची तक्रार करण्यात काही अर्थ नाही. तो तिथे काहीतरी करत आहे. तो तिथे काहीतरी करतोय. मी तुला आधीच सांगितलं! तो माणूस दोषी आहे असा त्या पोलीसचा संशय होता. फोन वाजतोय. हवं तर मी उचलतो. फोन वाजतोय. हवं तर मी उचलते. माझी आई दररोज वस्तू विकत घ्यायला बाजारात जाते. हाच कायदा आहे. सर्व प्राण्यांमधून मला सर्वात जास्त मांजरी आवडतात. कोणीतरी दरवाजा उघडला. तिने त्याबद्दल आपल्या डायरीत लिहिले. पैशाने आयुष्य विकत घेता येत नाही.
mt	Għaliex il-lista ta' l-ilsna ma tinkludix il-Malti? Bħalissa s-siegħa ta' filgħodu u għandi ngħas li ma ngħidlekx! Kull meta nqum filgħodu, nħoss uġieħ tremend ġo nofs dahri. Malli wasal fil-karozza, nduna li nesa' jitfi d-dwal tal-kċina. Jekk qed tħossok miġugħ jew mdejjaq, tiddejjaqx tkellimni, ħabib! Fi tmiem it-tbatija, storbju u tiġrib tat-tieni gwerra dinjija, sab is-sabar biss f'nofs il-baħar fuq id-dagħjsa, bil-qasba tas-sajd f'idejh u x-xemx titbissimlu tul il-jum fuq l-orizzont kaħlani. Lanqas jekk jinżlu l-anġli mis-sema w jiżfnuli t-tango m'hu ser jirnexxili issa! Tom ġieli kien jiżbalja attapposta waqt il-lezzjonijiet sabiex l-għalliema tagħti kasu. Kemm jien injorant! Għandu fortuna taż-żobb! Kif int? Tajjeb, grazzi! Grazzi ħafna! Minn fejn int? Le, grazzi. Ċaw! Is-sena t-tajba! Il-Milied it-tajjeb! M'iniex minn hawn. Narak iktar tard! Narak għada. Kif inti? Ajjut! X'ħin hu? Int miġnun?
my	မဟုတ်ပါဘူး။ မဟုတ်ဘူး။ မင်္ဂလာပါ။ နေကောင်းလား။ မင်္ဂလာပါ၊ နေကောင်းလား။ "ကျေးဇူးတန်ပါတယ်။" "ရပါတယ်။" အင်္ဂလိပ် စကား ပြောတတ်သလား။ ငါ နားမလည် ဘူး။ တွေ့ရတာ ဝမ်းသာ ပါတယ်။ နင်နဲ့ ဆုံရတာ ဝမ်းသာ ပါတယ်/ ကျေးဇူးပြုပြီး ဖြည်းဖြည်း ပြောပေးပါ။ ပြန်ပြော။ ကျေးဇူးပြုပြီး ပြန်ပြောပါ။ အိမ်သာ ဘယ်မှာလဲ။ မရူးစမ်းနဲ့။ သင် ဘာကို ဆိုလိုတာလဲ။ ဗမာစကား သင်နေတယ်။ ဘယ်လမ်းကသွားတာအကောင်းဆုံးလဲ ဝီကီပီးဒီးယား သည် သုံးစွဲသူများက ပူးပေါင်း၍ ရေးသား တည်းဖြတ် ထားသော စွယ်စုံကျမ်း ဖြစ်ပါသည်။ အာရှတိုက်သည် ကမ္ဘာပေါ်ရှိ တိုက်ကြီးများတွင် အကြီးဆုံး နှင့် လူဦးရေ အထူထပ်ဆုံး ဖြစ်သည်။ အာရှ ဆိုသော အမည်သည် ရှေးဟောင်း ဂရိဘာသာစကား မှ တဆင့် လက်တင် ဘာသာ သို့ ဆင်းသက်လာပြီး ထိုမှ တဖန် အင်္ဂလိပ် ဘာသာစကား သို့ ဆင်းသက် လာခဲ့သည်။ တွမ်မာရိကို မကြောက်ဘူး။ ခါလီဖာ မိုးမျှော်တိုက် အဆောက်အဦသည် ယခုအချိန်တွင် ကမ္ဘာ့အမြင့်ဆုံးမိုးမျှော်တိုက်ဖြစ်သည်။ ကျွန်တောတို့ရဲ့လှေကား ပျက်ဆီးပြီးပြီ။ ထတော့။ ခဏစောင့်ပါ။
ne	Lorem ipsum odor amet, consectetuer adipiscing elit. Consectetur curabitur feugiat pulvinar consequat habitasse nibh vestibulum tincidunt pulvinar nibh aptent arcu magnis velit volutpat facilisis consectetur a etiam facilisis pulvinar tempus justo malesuada conubia libero porttitor magnis mauris est bibendum interdum arcu fringilla natoque mattis semper.
nl	Wilt u een kopje koffie? Hoe oud bent u? We houden niet van regen. Hoe is het weer? In Parijs heb ik voor een maand een kamer gehuurd. Ik koop briefpapier, postzegels en papieren zakdoekjes. Goedenavond, hoe maakt u het? Goedemorgen, hoe maakt u het? Muiriel is nu 20 jaar oud. Ik weet het niet. Gerechtigheid is duur. De meeste mensen denken dat ik gek ben. Ik moet gaan slapen. Heb je gezegd dat ik nooit zou kunnen winnen? Gelukkige verjaardag Muiriel! Vandaag is het 18 juni en het is de verjaardag van Muiriel! Wat is dat? Wat doe je? Laten we iets proberen! Ik wacht al uren lang. Ik was in de bergen. Dat was een slecht konijn. Ik weet niet wat te zeggen... Hier komt nooit een eind aan. Ik heb er geen woorden voor.
no	Eg veit ikkje korleis eg skal tolke orda hans. Hva? Jeg snakker ikke japansk. Hva koster det? Jeg forstår ikke. Det er ikke viktig. Det regner. Det er kaldt. Hva er det? Jeg vet ikke men jeg har tid før det. Alle mennesker er født frie og med samme menneskeverd og menneskerettigheter. De er utstyrt med fornuft og samvittighet og bør handle mot hverandre i brorskapets ånd. Hva består aspirin av? Slutt å spørre meg om en drink! Gå og hent en selv. Hva ville verden vært uten kvinner? Du må ikke snakke så høyt her. Det er for mørkt til at jeg kan lese. Du må ikke parkere bilen i denne gaten. Jeg liker måten du går på. John og Mary har kjent hverandre siden 1976. Nancy, her er et brev til deg. Ta den du liker best, samme hvilken det er. Hvilke filmer går nå? Ikke gå så fort! Jeg klarer ikke å holde følge med deg. Jeg er i et fryktelig dilemma. Hvem skrev denne boken? John.
nv	Abeʼ yistiní nisin. Hai yíghááh. Mósí naaki shee hólǫ́. Náshdóítsoh bitsiijįʼ daditłʼooígíí łigai yish'į. Yá'át'ééh! Tsídii daalchííʼ. Chidí łitso. Tsé ndaaz. Chidí éí łitso. ʼAshkii tsé yiztał. "Haʼátʼíísh baa naniná?" "Shił hózhǫ, ahéhee'." T'óok bikéyahdę́ę́ naashá. Chidí binaashnish. Yá'ánísht'ééh! Shi'niitsą́. Ni'niitsą́. Ha'át'íísh baa da'íínółta? Ha'át'íísh yíhooł'aah? Bilagáana bizaad yíhooł'aah. Shá háchį'. Niyooch'ííd. Yáʼátʼééh! Ahéheeʼ! Hágoóneeʼ shimá. Yáʼátʼééh shimá.
ny	Muli ndi zaka zingati? Ndinabwela dzulo. Anafika panjinga pano. Akubwela kutauni kuno. Ali munyumba muno. Ndifuna madzi akupya. Ndifuna madzi ozizira. Ndifuna kugona. Timvera njala. Ali ndi nyumba. Mukudziwako kucipatala? Kodi cimbudzi cili kuti? Ndifuna kugula zipatse. Ndifuna kugula malalanje. Ndifuna kugula nthoci. Ndifuna kugula zinanadzi. Kodi muli kumva bwanji tsopano? Ndili kumva bwino. Ana akupangilani cakudya? Sindikufuna kupita kusukulu. Burj Khalifa ndi nyumba yaitali yosanjikizana padziko lonse lapansi. Usiku wabwino! Akamba alibe mano. Tikufuna ziganizo zanthunthu. Anaganiza zosamukira ku Belgium.
oc	Pensi, per consequéncia soi. N'avètz en rotge ? Lo tornarèi aperar mei tard. Podi aver un pauc d'aiga, vos prègui ? Cridèc "ajuda" a hauta votz. Lo sol accès au vilatge ei peu riu. Es la mea question. Tot çò que vos cal far, es aténguer. Ela es mei fina que non pas el. Pr'amor avètz ensajat de vos escapar ? As la ruca ? Avètz dejà pres vòstras potingas ? Degun arriba pas de bolegar la gròssa caisha. Lo gojat a set. Ma vila nadau es fòrça polida. Va tot dret per aquela carrèra. N'as pas vist arrén. Se cambias 48 oras en minutas, quantas minutas aquò te fa ? Totis los dròlles n'aiman pas las pomas. Anèm adara ! Te balharèi un bon conselh. Pas nat òmi los pòt pas conéisher, pas nat caçaire neus pòt pas tirar dessús dab prova o plom - Las pensadas son liuras ! Avisatz vos ! Es dangerós de miar bandat. Aqueste film conveng aus dròlles. Quants pennies te cal per far una liura ?
os	Ацы урс бæстыхай у рынчындон. Æз дæн электрик. Цыдæр мæм хъуысы. Йæ раздæхтмæ ам фæкæс. Хæхтæ дардæй расугъддæр зынынц. Уый æдзухдæр англисагау дзуры. Уый дæ хо у? Уый сбадтис мæ цуры. Æгайтма майрæмбон у. Мæнæ мæ гæды. Ай мæ гæды у. Уый йæ знæмы раздзог уыдис 35 азы дæргъы. Нæ йæ уынын. Боныхъæды прогнозмæ гæсгæ мит рауардзæн райсом. Ацы актёр мæ зæрдæмæ цæуы. Рувас æмæ арс цардысты иумæ. Фæстæмæ йæ ахæссут. Италиæгтæ арæх фæцымынц къофи. Фенынмæ! Ацы куыдз урс у. Нæ зонын. Дунейы рæсугъддæр бынат кæм и? Алы чиныгæн ис йæхи хъысмæт. Зымæг мæ зæрдæмæ цæуы. Иу знаг дæр мæм нæй.
pa	ਤੈਨੂ ਕਦੋਂ ਪਤਾ ਲਗਾ? ਇੱਕ ਟਰਕ ਵਾਲਾ ਤਾਂ ਸੜਕ ਤੇ ਠੰਡ ਨਾਲ ਮਰਦਾ ਮਰਦਾ ਬਚਇਆ। ਮੈਨੂੰ ਬੱਚੇ ਚੰਗੇ ਨਹੀਂ ਲਗਦੇ। ਜੇ ਤੁਸੀਂ ਮੇਰੀ ਥਾਂ ਤੇ ਹੁੰਦੇ ਤਾ ਕੀ ਕਰਦੇ? ਤੁਹਾਡਾ ਨਜ਼ਰਿਆ ਬਹੁਤ ਆਸ਼ਾਵਾਦੀ ਹੈ। ਮੈਂ ਇਹ ਕਹ ਰਿਹਾ ਸੀ ਕੇ ਮੈਨੂੰ ਓਹ ਅਜੀਬ ਨਹੀ ਲਗਾ। ਓਹ, ਇਹ ਬਹੁਤ ਵਧਿਆ ਹੈ। ਮੇਰਾ ਚੇਹਰਾ ਉਦਾਸ ਹੈ। ਜਦੋਂ ਓਹ ਆਏਗਾ ਤਾ ਮੈਂ ਉਸਨੂੰ ਦੱਸ ਦੇਵਾਂਗੀ। ਉਸ ਦੀ ਆਂਟੀ ਜਵਾਨ ਲਗਦੀ ਹੈ। ਮੈਂ ਕਦੇ ਨਹੀਂ ਸੀ ਸੋਚੇਆ ਕੇ ਓਹ ਮੈਨੂੰ ਪਰਵਾਨ ਕਰ ਲੈਣਗੇ। ਅਤੇ ਮੁੰਡਾ ਵੱਡਾ ਹੁੰਦਾ ਗਿਆ। ਮੱਧਕਾਲੀਨ ਸਮੇਂ ਵਿਚ ਦੁੱਧ ਦਵਾਈ ਜਿਨਾ ਹੀ ਮਸ਼ਹੂਰ ਸੀ। ਮੁੜ ਆ, ਮੁੜ ਆ! ਟੋਮ ਤੈਨੂੰ ਮਰੀ ਬਾਰੇ ਦਸਣਾ ਚਾਹਂਦਾ ਹੈ। ਮੇਰੇ ਕੋਲ ਦੋ ਬਿੱਲੀਆਂ ਹਨ  ਹੁਣ ਉੱਪਰ ਜਾਣ ਦਾ ਸਮਾਂ ਹੋ ਗਿਆ ਹੈ। ਹੁਣ ਸਾਉਣ ਦਾ ਸਮਾਂ ਹੋ ਗਿਆ ਹੈ। ਟੋਮ ਕੋਕਣੀ ਲਿਹਜ਼ੇ ਨਾਲ ਬੋਲਦਾ ਹੈ। ਤੂੰ ਸੋਚਦਾ ਕੀ ਪਿਆ ਸੀ। ਓਹ ਫਿਰ ਵੀ ਓਥੇ ਸੀ। ਮੈਂ ਹਾਂ ਕਹ ਦੇਣੀ ਸੀ। ਤੁਸੀੰ ਮੈਨੂੰ ਪਿਹਲਾਂ ਆਣ ਕੇ ਕਯੋੰ ਨਹੀਂ ਪੁਛਿਆ? ਮੈਂ ਵੀ ਇਹੀ ਕਿਹਾ ਹੁੰਦਾ।
pl	Piękne są chmury płynące po niebie. Twój zegarek jest na biurku. Spójrz na dom z czerwonym dachem. Pogoda pogarszała się z upływem dnia. Jak dobrze pójdzie, robię 2-3 sztuki dziennie. Po drodze do domu wpadnę na pocztę. Mam w pokoju niezły burdel. Złapali nieprzyjaciela w zasadzkę. Jestem w ciąży. On ją kocha. Nasz nauczyciel zawsze przychodzi punktualnie na zajęcia. Rozdziel te jabłka na trzy osoby. Jutro mnie nie ma. Przyjdź też jutro! Idźcie prosto tą ulicą. On wystąpił w dubbingu do „Avatara”. Poprzysiągłem sobie nigdy już się do niej nie odzywać. On jest Anglikiem. W roku 1945 zrzucono bombę atomową na Hiroszimę. Ależ z ciebie kutwa! Roger pracuje od świtu do zmroku. Ta skrzynka zawiera pięć jabłek. Tłukłeś się z Kenem? Jego książka znana jest nie tylko w Anglii, ale i w Japonii. To jest tego samego koloru co moje.
pt	Uma menina chorando abriu a porta. Vamos tentar alguma coisa! Preciso ir dormir. O sinal '&' significa 'e'. A marca '&' significa 'e'. Ufa! Esta ladeira está difícil. Mas a volta será moleza. Na realidade, o custo de vida está subindo cada semana. Há um pouco de verdade no que ele está dizendo. Vai ao médico pegar a receita! Bob a lembra: "6 pence por segundo". Bob diz: "Quatro libras e cinquenta". "Quando tinha 17 anos de idade, velejei pelo Mediterrâneo numa escuna", ela recitou lenta e cuidadosamente. Ela estava sempre praticando piano. Estou morrendo de dor nas costas. John ficou em casa tal como lhe foi dito. Muriel completou 20 anos. Voltarei em breve. Não sei. O que está fazendo? Hoje é dia 18 de junho, aniversário do Muiriel! Feliz aniversário, Muiriel! A senha é "Muiriel". O que eu poderia dizer... Eu fui na montanha. O prisioneiro escapou na calada da noite.
rm	Quai è gratuit. Betg mintgin sa esser in artist. Bellas festas da Nadal! Jau tem animals selvadis. "Nua abitais Vus?" "Jau abitesch a Tokyo." Tuots umans naschan libers ed eguals in dignità e drets. Els sun dotats cun intellet e conscienza e dessan agir tanter per in uin spiert da fraternità. La Lia Rumantscha è l’organisaziun da tetg da tut las Rumantschas e tut ils Rumantschs. Ella vul promover a moda durabla la lingua e cultura rumantscha. Spert e bain d'inrer cha vain. In ün di nu's dvainta maister. Umauns sainza umur sun erva sainza flur. Glieud ed ora as stu piglier scu cha sun. Chi chaunta da sted, lavura d'inviern. Manger poust tuot que cha tü hest, ma na dir tuot que cha tü sest. La vuolp müda il pail, ma na il vizi. Ün sto fer la via lungia per spargner temp. Il Portugais Vasco da Gama ha scuvert la via maritima che maina dal Portugal enturn il continent da l’Africa en l’India. Quests artitgels sa sprovan da preschentar l'istorgia da la lingua rumantscha. Lavura lur bab tar il chantun? Hai dus giats. E chegl e igl mies misteri, el e fitg simpel: angal cugl cor ins pogl veir andretg. Igl essenzial n'e betg visibel pigls igls. Jau na chapesch betg. Jau chapesch. Pudessas ti repeter la dumonda? Nua è la sadella? Jau sun da Turitg.
rn	Ibinyamasyo ntibigira amenyo. Haguye amama make y'imvura. Mbwirizwa gutunganya imishatsi yanje. Utagavye uzovuna amagufa. Usamaye uzovunika. Uzogaruka ku wa kabiri? Ndanyoye umuti nkaba nizeye kuronka mitende. Ushatse nzogikwiza. Ndizeye ko ukomeye neza. Reka gutungira ijisho amabere yiwe! Turiko dutakaza umwanya uzimvye. Nyogokuru avuga buhoro buhoro. Turageramiwe. Ibice binini vy'ibahari birabangamiwe n'umwanda. Iyi mbugita irapfushe. Iki gisu kirapfushe. Nkeneye umwanya wo kwiyumvira. Ndakeneye umwanya wo kwiyumvira. Uyu mwaka ntegekanya gusoma ibitabu vyinshi bishoboka. Wibuke ubuntu bwawe wiyobagize ibindi. Wibuke ubuntu bwawe kandi wibagire ibisigaye. Nimukure ibirato vyanyu. Nimwambure ibirato vyanyu. Ambura ibirato vyanyu! Kura ibirato vyanyu!
ro	Unu, doi, trei, patru, cinci, șase, șapte, opt, nouă, zece. Toate ființele umane se nasc libere și egale în demnitate și în drepturi. Ele sunt înzestrate cu rațiune și conștiință și trebuie să se comporte unele față de altele în spiritul fraternității. Bine ați venit! Bine ai venit! „Mulțumesc.” — „Cu plăcere.” Cu plăcere. Vorbiți italiană? Vorbești italiană? Vorbiți japoneză? Vorbești japoneză? Vorbiți engleză? Vorbești engleză? Mulțumesc! Poftă bună! Bună dimineața la toată lumea. Bună dimineața. Bună seara. Noapte bună, mamă. Mulțumesc foarte mult! Bună seara, ce faci? Bună seara, ce mai faceți? Bună, ce faci? Bun venit! Domnul Spencer lucrează la magazin. Zăpada a acoperit tot orașul peste noapte.
ru	Один раз в жизни я делаю хорошее дело... И оно бесполезно. Давайте что-нибудь попробуем! Мне пора идти спать. Что ты делаешь? Что это? Сегодня 18 июня, и это день рождения Мюриэл! С днём рождения, Мюриэл! Мюриэл сейчас 20. Пароль «Muiriel». У меня нет слов. Не знаю, что и сказать. Это был злой кролик. Это новая фотография? Я не знаю, будет ли у меня время. Микрофон по какой-то причине до этого не работал. Каждый, в итоге, должен учиться сам. Учиться нельзя заставлять. Учёбу нужно поощрять. Нелегко решать, что правильно, а что нет, но приходится это делать. Это ничего не изменит. Я зарабатываю сто евро в день. Я, может, скоро сдамся и вместо этого пойду вздремну. Этого не случится. Иногда он очень странен. Я постараюсь не мешать тебе учиться. Я могу только догадываться, так ли это и для всех остальных.
rw	Urakoze! Murakoze! Naguhaye igitabo. Mbere yuko nibagirwa, nzakubwira. Wigira isoni, mvugisha. Wigira isoni, nganiriza. Mbwira izina ryawe. Birashekeje cyane. Aba bakobwa bose beza uko ari batatu ni bishwa banjye. Urakoze ku bw' impano yawe. Urakoze kuntumira mu birori. Urakoze kuntumira mu bukwe. Umuhungu arahinga. Abakobwa barakora. Sinshaka kujya mu ishuri. Ntabwo nanga ishuri. Ubu Burj Khalifa niyo nzu ndende kwisi. Navyutse kare cane uyu munsi. Yama ata telefone ngendanwa yiwe. Abajejwe umutegano bose mu gisagara bariko barakurondera. Muri ibibondo. Kera hari urusengero ngaha. Nturoreyo. Yarukiye kwa nyirakuru. Twaje kugusura.
sa	स्वदेहे चेल्लिखितवान्वचनमनवगम्यं तेनाप्यचिन्तिते फल उपलब्धे किं कर्तव्यम् ? तत्त्वमसि । ॐ मणि पद्मे हूँ । अपि पिता जागृतः। इह चौरो ऽपेक्षणीयः। अस्माकं पञ्चानां यस्य बहुतमं भाष्या वाच्या सैव नियतम् । एवमेतत् । न भिभक्षामि । यत् कृतं तदयुक्तं न भवति । तत् त्वम् असि । सत्यमेव जयते । जननी जन्मभूमिश्च स्वर्गादपि गरीयसी । अहम्विद्यालय गच्छामि । किं वर्षीणो सि? महाजनः संवृत्तः भवान्! न रोचते वा? शुभाः ते पन्थानः! भवतः नाम किं? भवत्याः नाम किम? चिन्ता मास्तु। कः विशेषः? भो कः विशेषः? तथा वा? "अपि सत्यम्?" "ओम्, भवतः कृते कः उक्तवान्?" अभिनन्दनम् !
se	Sámegielat leat Eurohpá eamigielat ja nuortamearasuoma lagamus fuolkkit. Mun lean Melanie. Nieiddas lea vielges heasta. Sus leat rukses lieđit. Dan gujis lea boares viessu. Bártnis lea heasta. Mun lean Tom. Mu namma lea Tom. Gii don leat? Mii du namma lea? Buorre beaivi! Gos don orut? Man boaris don leat? Man boaris son lea? Mii du telefunnummir lea? Buorre eahket. Buorre iđit. Mun in ádde. Mun in bora bierggu. Mot manná? Jugat go gáfe? Bures boahtin Tatoebai! Galbarihcis eai leat bánit. Leage buorre! Čáhci lea eallin.
sg	Mbï yeke kôlï. Balaô! Singîla ! Ïrï tî mbï Tom. Nzàrà à sârà mbï ! Wâ à sârà mbï. Ïrï tî mo nyen ? Nzönî gango na Tätôëbäa!
si	මට පිහිනීමට පුළුවනි. මට පීනන්න පුළුවන්. මං ඔහුට උදවු කරනවා. මට පනින්න පුළුවන්. මං ඔයාට ආදරෙයි. ආයිබෝවන්. සුබ උදෑසනක් වේවා. සුබ සැන්දෑවක් වේවා. සුභ රාත‍්‍රියක් වේවා. මට පිහිනුමට හැකියි. මං ලෑස්තියි. මා සූදානම්. මම සූදානමින් සිටිමි. මං නිවැරැදියි. මම නිවැරැදියි. මං තරුණයි. ඔබ මොකක් හරි විදේශ භාෂාවක් හදාරනවා ද? මං කොටයි. මට මහන්සියි. මට ඔබ ඇහෙනවා. මට උඹ පේන්න බෑ. මා තරුණයි. ඔබ කුමන හෝ විදෙස් බසක් හදාරන්නෙහි ද? මම ඔහුට උදවු කරමි. මම ඔබට පෙම් කරමි. මම ඔබට ආදරය කරමි. මම මිටියි. මට උණුවතුර නාන්න ඕනේ නෑ.
sk	Chcem tu ostať dlhšie. Mám ísť s tebou? Prečo si prišiel do Japonska? Prekvapuje ma, že tvoja rodina má japonské auto. Penis je jeden z mužských pohlavných orgánov. Ahoj. Bojím sa búrky. Niet boha okrem Boha a Muhammad je posol Boží. Všetci ľudia sa rodia slobodní a sebe rovní, čo sa týka ich dôstojnosti a práv. Sú obdarení rozumom a majú navzájom jednať v bratskom duchu. Ja nechcem tak dlho čakať. Správne nás usmerni na cestu rovnú. Aj keby som išiel dolinou tône smrti, nebudem sa báť zlého, lebo ty si so mnou; tvoj prút a tvoja palica ma potešujú. Skujú svoje meče v motyky a svoje kopie v srpy. Nepozdvihne národ proti národu meča, ani sa viacej nebudú učiť boju. Jeden, dva, tri, štyri, päť, šesť, sedem, osem, deväť, desať. Ellen nehovorí po anglicky. Kto je ten chlap? Sú všetci rovnakí? Môj dom je blízko vlakovej stanice. Zastávka autobusu je blízko našej školy. Svrbí ma ucho. Je tam niekto? Leto sa skončilo. Niekedy som chcel byť astrofyzikom. Život je pekný. Čo sa tam deje?
sl	Dober dan, ste gospod Ogawa? Znaš angleško? Ali ste Ujgur? Ali si Ujgur? Je Francoz. Poljubi me. David Beckham je Anglež. Živijo. Brezbarvne zelene ideje spijo besno. Rada te imam. Kje si? Kdo o tebi z glavo razmišlja da spomni števk teh? Počutil sem se slabo. Izgubil sem moj potni list! Jaz želim umreti z Getter Jaani. Jaz verjamem v Kylie Minogue od 12. Junija 1998. Da, prosim. Besedilo je zelo redigirano. Morate se držati diete. Daj mi dvigalo v vašem avtu. Kako ste? Kako si? Pogosto mislim na svojo mrtvo mamo. Maja Keuc je dobra pevka. Moje ime je Sally.
sm	Ou te lē fia alu i le āʻoga. Na ʻou fia alu. ʻOu te fia ʻai. O aʻu o Ricardo. Tai lava! Ou te alofa ia te oe. Ia manuia lau malaga! Sa'o. Sa'o! Sesē. Sesē! Susu atu e fai se malologa. Talofa lava! Tofā soifua! Tofā soifua. Ia manuia le aso! Ia manuia le aso. Fa'amolemole. Fa'afetai tele lava! Fa'afetai tele lava. Fa'amalie atu. Fa'amalie atu! Fa'amalie atu... Ioe! Leai!
sn	Ndiri kushambira munyanza. Ndinokuda. Anorarama nevabereki vake. Emily akanyora chirevo. Ari mudzimai wangu. Wakadini mukunda? Ndichamugochera nyama. Ndichagocha nyama. Anoda nyama. Anoda dovi. Ndichagadzira dovi. Ndichamugadzirira dovi. Tichavatengera parafini. Tichatenga parafini. Vanoda parafini. Vachamuvakira imba. Vachavaka imba. Achakuendera kuguta. Achaenda kuguta. Haugoni kuenda kuguta. Tichavasandira. Tichasanda. Havagoni kusanda. Handidi kuenda kuchikoro. Ndinozogara pano gore rose.
so	Burj Khalifa waa dhismaha hadda adduunka ugu dheer. Burj Khalifa waa sarta hadda adduunka ugu dheer. Guri waan leeyahay. Noloshaydu waa xuntahay. Waan wanaagsanahay. Ingiriis miyaad ku hadashaa? Waan quruxsanahay. Magacaygu waa Maxamed. Waan akhrin doonaa buugga. Ku soo dhawaada Tatoeba! Ku soo dhawoow Tatoeba! Diidiinka ilko ma leh. Gacani keligeed ma sacaabayn karayso. Anigu ma xumi. Tom iyo Marie waxay go’aansadeen inay socdaan. Waa tani jawaabta su’aashada. Waxaan ku nolyahay Belfast. Aynu halkaa uga baxno sida ugu dhakhsaha badan ee aan awoodno. Gurigaada joog. Musqushu waa halkee? Waa naag. Maxaad doonaysaa? Waa gurigaygii. Magacaygu waa Tom. Kani ma aqalkaagii baa?
sq	Të dashuroj. Të dua. Shumë të falemnderit! Shyqyr Zoti. Mirëmëngjes, Mike. Gjumë të ëmbël, Timi. Faleminderit! Gëzuar ditëlindjen Muriel! Të gjithë njerëzit lindin të lirë dhe të barabartë në dinjitet dhe në të drejta. Ata kanë arsye dhe ndërgjegje dhe duhet të sillen ndaj njëri tjetrit me frymë vëllazërimi. "Faleminderit." "S'ka gjë." Mirëmëngjes, të gjithë. Ide jeshile pa ngjyrë flenë shpejt. Rroftë Bashkimi Sovjetik! Ditën e mirë! Mirëdita. Vrasin dy zogj me një gur. A flisni anglisht? Ka shume para. Ndjeva keq. Më falni, çfarë është ora? Mirë se vini. Gëzohem që u njohëm. Gjithashtu, më vjen mirë që u takuam. Kam goxha prej tyre. Une dua shumë më tepër.
sr	Постоји ли објективна историја? Ми о вуку, а вук на врата. Ја све знам. Коначно! Руке увис! Како је прошао час француског? Он је зависан од Старбак кафе. Студент је оптимиста, а његов саветник песимиста. Жирафе имају веома дугачке вратове. Инверз неквадратне матрице је опасна ствар. Возови у Србији су ужасно спори. Почео је да пада снег. Гладни кучићи лају на улици. То је моја идеја. Сендвич без пршуте није сендвич. Ја волим математику. То је апсолутна истина! Данас смо двапут имали лажну узбуну. Извини што сам заборавио. Данас сам никакав. Свако јутро за доручак једем мед. Где си ти? Он сваких пола сата трчи у лабораторију. Где је нестао сав хлеб? Он се после часа немачког осећа уморно. Ја нисам заборавио.
ss	Burj Khalifa libhilidi lelidze kwengca onkhe emhlabeni. Ngubani ligama lakho? Ngiyagula! Ngiyagula. Nginasisi. Ngilambile. Ngilambile!
st	Burj Khalifa ke mohaho o motelele ka ho fetisisa lefatséng. Burj Khalifa e sa le ona feela mohaho o motelele ka ho fetisisa lefatséng.
su	Hapunten. Hiji, dua, tilu, opat, lima, genep, tujuh, dalapan, salapan, sapuluh. Ah maenya! Nami abdi Jack. Tenang. Henteu. Wilujeng wengi! Naon ieu? Ayeuna téh hujan. Naha? Wilujeng Natal! Telepon pulisi! Ulah sieun. Naon? Ieu buku. Aya naon? Elmu tuntut dunia siar, korsi butut tumila liar. Ulah nepi Tom nempo foto-foto ieu. Jelema ti Mesir ngomong basa Arab. Manehna moal percaya ka urang. Tom geus jiga dulur kuring. Manehna nutup panto tukangeunnana. Waspada purba wisesa. Sabanda sariksa. Kamari sapedah urang dipadog pas urang keur balanja.
sv	Vi trodde att det var ett flygande tefat. Detta är huset jag bodde i när jag var barn. Vi hade roligt på stranden igår. Jag spelade tennis hela dagen. De skymtade mannen genom folkmassan. Han vande sig kvickt vid det kalla vädret. Jag blev till slut klar med arbetet. Jag kan inte komma på någon bra ursäkt till varför jag är sen till tandläkaren. Kan du simma lika snabbt som honom? Han är inte läkare. Hon skulle gärna kommit men hon var på semester. Åh nej! Mitt hus brinner! Jag trodde aldrig att ett såhär fint hotell skulle finnas på en sådan här plats. Detta är deras hus. Men hon tyckte om barn och gillade sitt jobb. Hon tycker mycket om att skriva dikter. Jag kan inte stå ut med detta ljudet längre. Hon bad mig att se efter hennes bebis medans hon var borta. Han gnäller alltid på dålig medicinsk behandling. Stick härifrån, ungjävlar! Hon är en tillförlitlig person. Solen skiner. Den här boken verkar intressant. Det var en ny bok. Vems bok är det?
sw	Fasi gani hizi picha zimekamatiwa? Siyuwi Alini ni piga bipasi! Ningekuwa munyonge, alakini nisingejiua. Itakuwa vizuri kama kompyuta yangu ita ni saidia mambo fulani. Ulitaka kuniambia juu ya uhuru? Sina ya maana zaidi ya kufanya. Unataka kitu ya kunywa? Allen ni mwana shairi. Haikukuwa miye, Commissaire! Wale ambao wanaishi katika nyumba za bio hawapashwi tupa majiwe. Ni vigumu ku jua Kifaransa kwa mda wa miaka 2 au 3. Naweza ongea na dada Brown? Ulimwengu ni nyumba ya wazimu. Ningependa ku kaa usiku moja. Je, unaweza kunipigia iyi numéro ya téléphone? Téléphone inawekwa yulu sana. Alikuwa mrembo sana. Usi fikirie kula chokoleti yangu! Iko beyi sana. Wewe ni mpenzi mkubwa wa maisha yangu. Uko na sheria. Inahitaji hekima kuelewa hekima: muziki haina maana kama mashabiki ni biziwi. ni mwenye akili, sivyo? Nilianza kujifunza ki chinwa posho jana. Nilipoteza wazo yenye nilitaka toa.
ta	நான் உன்னை காதலிக்கிறேன். என்ன நடந்தது என்பதை தெரிந்து கொள்ள விரும்பினேன். உங்கள் ஆங்கிலம் மேம்படுத்த வேண்டுமென விரும்புகிறீர்களா? நீங்கள் எங்கே போகிறீர்கள்? நீ எங்கே இருக்கிறாய்? ஏன் கோபமாக இருக்கிறாய்? ஒரு விசித்திரமான ஒன்று இன்று காலை எனக்கு நடந்தது. நான் என்று படம் விரும்புகிறேன். பாப் மிகவும் மகிழ்ச்சியாக இருந்தது. உங்கள் பெயர் என்ன? உங்களுக்கு எவ்வளவு வயது ஆகிறது? புரியவில்லை. பால் நான் வெறுக்கிறேன். எப்படி இருக்கிறீர்கள்? வணக்கம், ஜான்! எப்படி இருக்கிறீர்கள்? "நீங்கள் எங்கே வசிக்கிறீர்கள்?" "நான் டோக்கியோவில் வசிக்கும்." உங்க பேரு என்ன? அவன் அந்தக் கத்திகளைத் தீட்டினான். நான் உன்னை எழுப்பியபோது நீ எதைப் பற்றி கனவு கண்டுகொண்டிருந்தாய்? இறப்பு மட்டும்தான் விடுதலையா? "நீ ஏன் தூங்கவில்லை?" "எனக்குத் தூக்கம் வராததால் நான் தூங்கவில்லை." "நீ ஏன் உண்ணவில்லை?" "எனக்குப் பசிக்காததால் நான் உண்ணவில்லை." நீ ஆங்கிலம் பேசும்போது தவறு செய்ய அஞ்சாதே. அனைவரும் வெளியே ஓடினர். நான் அவர்களிடம் சொல்லவில்லை.
te	అతడు రాముడు. ఇది చదువు. భోజనం చేశావా ? ఎమిటీ! ఇది నిజమా? రాముడు వచ్చాడు. సీత నవ్వింది. పాప ఏడ్చింది. లలిత పిలిచింది. రాముడు బడికి వచ్చాడు. సీత అందంగా నావ్వింది. పాప బిగ్గరగా ఏడ్చింది. లలిత పెళ్ళికి పిలిచింది. హోమ్‌వర్క్ చేశావా ? లత వచ్చిందా? గులాబీ పూసిందా? పని పూర్తయిందా? ఎర్ర గులాబీ పూసిందా ? లత స్కూల్ నుండి వచ్చిందా? నిన్నటి హోమ్‌వర్క్ చేశావా ? నేను చెప్పిన పని పూర్తయిందా? నన్ను ఎందుకు పిలిచావు? ఈ బొమ్మ ఎలా వేశావు ? సీత ఏలూరు ఎప్పుడు వెళ్తుంది? ఆ పుస్తకం వెల ఎంత ? మామయ్య విజయవాడ నుంచి ఎప్పుడు వస్తారు?
tg	Агар тавонед, авфаш кунед, ӯ гуноҳ надорад. Осмон соф, ягон порча абр нест! Ин шеър-ро кӣ ба забони тоҷикӣ тарҷума кардааст? Забони модарии худро бояд дӯст дошд. Забон рамзи ҳастии миллат аст. Рӯзи якшанбе баъд аз рӯзи шанбе меояд. Биёед, канӣ санҷем! Ман забони англисиро муддати чор сол ҳамроҳи англисзабон омӯхтам. Хотирмон буд! Дар ин бозӣ ду нафар метавонад ширкат кунад. Ӯ мехоҳад дар мусобиқа иштирок намояд. Ӯ ҳоло дар ин бора чизе намедонад, вале аллакай мурдааст. Мо то боғ роҳ гаштем. Телевизорро хомӯш кунам, чӣ? Ман ҳоло ҳам ба зиндагии деҳа одат накардам. Шумо ҳеҷ бемори сахт шудаед? На дар ҳавлии ман. Имрӯз ҳаво чандон хунук нест. Дар чор соли оянда, 15 миллион евроро наҷот медиҳанд Оё ин фикри шахсият аст? Ман дадндонҳоямро баъд аз хӯроки наҳорӣ тоза мекунам. Дар Помир куҳҳои баланд ва зебо мавҷуд ҳастанд. Агар хоҳӣ. Агар хоҳиш дошта бошӣ. Соли гузашта на кам аз 50 филмро тамошо кардам.
th	คุณแต่งงานแล้วหรือยัง ภาษาไทยเป็นภาษาราชการในประเทศไทย ผมอ่านเดอะนิวยอร์กไทมส์ ลองทำดู! ภาษาเดียวไม่เคยพอ เป็นยังไงบ้าง สวัสดี ขอบคุณ ขอโทษ มนุษย์ทั้งหลายเกิดมาอิสระเสรีและเท่าเทียมกันทั้งศักดิ์ศรีและสิทธิ ทุกคนได้รับการประสิทธิประสาทเหตุผลและมโนธรรม และควรปฏิบัติต่อกันอย่างฉันพี่น้อง สวัสดีปีใหม่ รถเมล์มาแล้ว ฉันมีจักรยานใหม่ คุณมีดินสอไหม คุณมีนมสวย เปิดประตูให้ความรัก ผมกำลังอยู่ที่คุนหมิง ผมชอบหิมะ เขาอยู่ที่โตเกียว ความผิดพลาดเกิดขึ้นเมื่อไหร่ การติดตั้งอุปกรณ์ขณะทดลองหรือใช้งานเป็นเช่นไร อุปกรณ์ใดต่อกับอุปกรณ์ใดและต่อกันอย่างไร ความผิดพลาดเกิดขึ้นในทันทีที่เริ่มใช้งาน หรือหลังจากนั้น – ตอนไหน สังเกตพบความผิดพลาดได้ยังไง ความผิดพลาดเกิดขึ้นเป็นประจำ หรือนานๆ ครั้ง เป็นความผิดพลาดซ้ำอย่างเดิมหรือเปล่า ผมเรียนหนังสือ
ti	ልምምድ ንሰብ ውሕሉል ይገብሮ። ከመይ ሓዲርኪ። ከመይ ሓዲርካ። ከመይ ሓዲርኩም። ከመይ ሓዲርክን። ከልቢ እሙን እንስሳ እዩ። ሕጻናት ብዙሕ ክንክን ይደልዩ። ናይ ሓድሕድ ሓልዮት ኣድላዩ እዩ። እቶም ኣሕዋት ንሓድሕዶም ተሓላልዮም። እቲ ወዲ ርኣዮ። ኣየናይ ወዲ? ኣታ ወዲ መን’ዩ ሽምካ? ኣቲ ንስኺ ናብዚ ንዒ! ምስ ቆልዓ ኣይትምከር፡ ምስ ከልቢ ኣይትተሓባእ። እዚ ጓል እትሰርሖ ስራሕ ኣይኮነን። ምስ ወለዱ ዓብዩ። ገንዘብ እንተ ዚደልይ፡ ካባይ ምወሰደ። ኣብዚ ክትህልዉ ምደለኹ። እታ መጽሓፍ ምሃብካኒ ዶ? እታ ገዛ ሰብ ኣሎዋ። እቲ ስራሕ ብሓድ መዓልቲ ተፈጺሙ። ነታ ዓራት ተደቂሱላ ነይሩ። ነታ ኣዳራሽ ብዙሕ ጊዜ ተሳዕሲዑላ ነይሩ። ሳዕሲዐ ኢልካ ዲኻ? ተሳዕሲዑለይ እኮ ’ዩ!
tk	Alla saklasyn! Asmanda ýyldyzlar petreşip görünýärdi. Är-aýalyň uruşy – ýaz gününiň ýagyşy. Meniň habarym ýok. Ary örüzen balyň kaýda, Pyragy? Sagat sekizde mekdebe gidýärin. Ol yşygy ýakdy. Biz dünýäde ýaşaýarys. Et islemeýärin. Tom häzir nirede? Men inžener. Bagy görýärsiňmi? Meniň kitabym bar. Kitap sende barmy? Ol gorkuly. Men şat. Ol owadanmy? Men garry däl. Men gazaplydym. Men doktor däl. Sen meniň bilen konserte geljekmi? Men gazaply. Gyzjagaz hem oňa bakdy. Men galmagal edip bilemok. Çaga ýatyr. Men açarlarymyň nirededigini bilemok.
tl	Gutom na ako. Paano mo sabihin ang "good bye" sa Aleman? Diyos ang lumikha sa mundo. Pwede ba kitang tulungan? Paano ang opisina? Magdadala ako sa iyo doon. Kumusta po kayo? Ang lahat ng tao'y isinilang na malaya at pantay-pantay sa karangalan at mga karapatan. Sila'y pinagkalooban ng katwiran at budhi at dapat magpalagayan ang isa't isa sa diwa ng pagkakapatiran. Tigilan mo na ang asawa ko kasi nakakahiya sa mga anak ko. Pakiusap, intindihin mo na lang ang trabaho mo. Natutulog nang magalit ang mga ideyang walang kulay at kulay berde. Siya ay nagbebenta ng gamot sa botika. Nais kong maging kaibigan si Nancy. Nagsasaulo siya ng sampung salitang Ingles kada araw. Huwag kang mag-alala, magpakasaya ka! Gumaling sa sipnayan ang anak ko ngayong taon na ito. Naglakad ako papunta sa parke. Ano'ng binili mo para sa kanya noong Pasko? Ano'ng klaseng trabaho ang papasukan mo? Sampung taon na ang nakalipas mula nang dumating ako sa Tokyo. Mukhang 19 taong gulang iyong mestiza na iyon. Masarap makatrabaho si Ginoong Norton. Ganito ba kainit araw-araw? Nagtagumpay siya sa harap ng maraming pagsusubok. May asong sumunod sa akin sa paaralan.
tn	Gone jaana Burj Khalifa ke kago e kgolo mo lefatsheng ka bophara. Kea leboga fo tsotlhe tso o ndiretseng tsone. Re tla bonana kamoso. Ke berekile thata maabane. Ke ka rata go ya kwa Gaborone. O bua Setswana sentle. O se ithutile kae? Ke kopa thuso ya gago. Ke na le tsala e e buang Setswana, o a nthusa. Go gontle go utlwa seo. Ke tshwanetse go tsamaya. O dira eng gompieno? Ke buile le Chris le le Sarah, ba ya difiliming maitsiboa. Ke a leboga, ke ka rata jalo. Go siame. Ke tla leka go tla morago ga tiro. Le nna ke ka rata go tlhaloganya. O ya tirong leng? Bana ba simolotse go bua. Diholiday tsa me di simolotse beke e fetileng. O simolotse dithuto tsa gago gape? O ile kwa ntlong ya gagwe ka tumelo ya gore o tlaa mo adima madi. Tumelo ya gagwe ga e mo letle go dira jalo. O ne a ubula bêkê mo go nna a bo a sia. O se ka wa usa digalase tseo. Bana ga ba lebege ba utlwa seramê jaaka bagolo ba se utlwa. Ga gona opê yo o neng a kgôna go utlwa se a neng a se bua.
to	Mālō e lelei! Fēfē hake? ʻOku ou kai. ʻOku ou ʻalu. ʻOku ou ako. 'Oku ou 'ilo'i. Fiefia ke fetaulaki mo koe. Fiefia ke fetaulaki mo kimoua. Fiefia ke fetaulaki mo kimoutolu. 'Oku 'ikai keu 'ilo'i. 'Oku ou mahino. 'Oku 'ikai keu mahino. Tokanga. Ko hai ho hingoá? Kātaki. Mālō ‘aupito! Mālō! 'Oku 'a e ngaahi mahina 'o e ta'u: Sanuali, Fepueli, Ma'asi, 'Epeleli, Me, Sune, Siulai, 'Aokosi, Sepitema, 'Okatopa, Novema mo Tisema. 'Oku ke sai'ia 'i niu vai? Taha, ua, tolu, fa, nima, ono, fitu, valu, hiva, taha noa.
tr	Devenin belini kıran son saman çöpüdür. Bütün insanlar hür, haysiyet ve haklar bakımından eşit doğarlar. Akıl ve vicdana sahiptirler ve birbirlerine karşı kardeşlik zihniyeti ile hareket etmelidirler. Bilmiyorum. Mum kendiliğinden söndü. Mum kendi kendine söndü. Babam bana yatakta kitap okumamamı söyledi. On, on bir, on iki, on üç, on dört, on beş, on altı, on yedi, on sekiz, on dokuz, yirmi. Ek olarak yaşlılar birbirleriyle sosyalleşebilsin ve Amerikan hayatının aktif üyeleri olarak kalabilsinler diye birçok topluluk kurulmuştur. Bazıları yalnızca zaman geçsin diye kitap okurlar. Koyu kahverengi saçları vardı. Bu gemi okyanus yolculuğu için uygun değil. Bu kitap. Hemen yolculuğa hazırlan. Masanın üstündeki hesap makinesi benim. Şimşek çaktı. Aşk onu rüyalarında görmektir. Kimse benim fikirlerimi dinlemek istemiyor. Sana satranç oynamayı öğreteceğim. Satranç oynamayı biliyor musun? Bunlar çok eski kitaplar. Bunlar benim kitaplarım. Bunlar bizim kitaplarımız. Bunlar benim kalemlerim. Bunlar her yerde satılıyor. Bu kitap okul kütüphanesinin.
ts	Tintanghu ti kwihi? Hi mina Tom. Vito ra wena u mani? Xitimela xi fike exitichini hi nkarhi.
tt	Пекин — Кытай башкаласы. Исемлектә минем телем юк! Хәерле кич, ни хәлләр? Минем әтием табиб. Нәрсәдән? Белоруссияда төрле дин вәкилләре яши. Германия — парламент республикасы. Алмания — парламент җөмһүрияте. Алар дини ирек өчен көрәште. Кар ява башлады. Рәхмәт! Хәерле иртә! Сез ул хатынны кайда күрдегез? Ни хәлләр бар? Хәлләр ничек? Интернетта татар телендә сайтлар аз. Интернетта татарча сайтлар аз. Бу алма кып-кызыл. Борылып карама. Тизрәк әйләнеп кайт. Мин сине яратам. Мин сине сөям. Өстәлдә алма бар. Өстәлдә бер алма бар. Өстәл астында алма бар.
ty	ʻUa ʻamu te tāne i te iʻa. 'Ia ora na! E aha tō 'oe huru? Maita'i roa! Māuruuru! Māuruuru roa! 'E! E'ita! Aita! Uua here vau ia oe! Nana! Maeva! Maita'i oe? "Maita'i oe?" "Maita'i vau." O vai to oe io'a? O Tom to'u i'oa. "O vai to oe io'a?" "O Tom to'u i'oa." Aita pe'a'pe'a. A parahi! Haere ra! A tauturu ia'u! Ha'apa'o maita'i! Aita i papu ia'u! Aita papu. Haere tatou!
ug	ھەممە ئىشنى بىلىمەن. سەنسىز ھايات بەربات. چاي ئىچىشتا شېكەر ئارىلاشتۇرماڭلار. ئالماقنىڭ بەرمىكى بار. مەر ھەمەت، ۋىزىنى ماڭا بېرىڭ. ئەمەلىي تارىخى دۇنيادا بارمۇ؟ نېمە قىلىۋاتىسەن؟ ئۇنى ئۇنىڭغا بۇلتۇر بەردىڭمۇ؟ ئەتە مەن ئۆيۈمدە. سېنى كۈتىمەن. سەن كۈلسەڭ، مەن خۇشال بولىمەن. بۇ يەردىن ئانچە يىراق ئەمەس. ئۇ لابوراتورىيىدا ئىشلەيدۇ. دەرستىن كېيىن نېمە قىلىسەن؟ مەن ئالان تېت، تەررى تېتنىڭ ئوغلى. سېۋەتتە بىر نەچچە ئالما بار. بۇ ياپونىيە. ئەتە قاچان يولغا چىقىمىز؟ سىزدە ۋاقتىڭىز بار بولسا، بۇ كىتابنى ئوقۇڭ. سېنى ياخشى كۆرىمەن. بىراق ئادەملەر ئوخشاش ئەمەس. بالىلار دېڭىز ساھىلىدا ئويناشقا ئامراق ياۋروپالىقلار ئۈزۈم ھاراقى ئىچىشكە ئامراق. ئۇ يەرنىڭ ھاۋاسى ئىسسىقمۇ؟ ھازىر نېمە قىلىشىمىز كېرەك؟
uk	Я вже закінчу коледж, коли ви вернетеся з Америки. Він наказав мені негайно вийти з кімнати. Як би ти не намагався, ти не вивчиш англійську за два-три місяці. Поки я не подзвонив, він не прийшов. У всесвіті багато галактик. Вона приймає душ щоранку. Неслухняний хлопчик заблукав й оглядався по сторонах. Вона повільно зникала в туманному лісі. Наш літак летів понад хмарами. У Майка є декілька друзів у Флориді. Місто бомбардували ворожі літаки. Я зустрінуся з тобою в неділю о третій. Для фінансування війни було видано облігації. Звідки беруть початок Олімпійські ігри? Я сказав собі: «Це гарна ідея». Ми збиралися пробути там біля двох тижнів. Як на мене, то наразі помовчу. Мій дядько вчора помер від раку шлунку. Здається, діти втомилися від плавання. Немає кохання без ревнощів. Можливо, я антисоціальний, але це не означає, що я не спілкуюся з людьми. Я не знаю, що ще можна зробити. Я навчився жити без неї. Справді? Мені завжди більше подобалися загадкові персонажі.
ur	آپ کیسے ہیں؟ آپ کا بہت شکریہ! جی ہاں. آپ کہاں تھے؟ تمام انسان آزاد اور حقوق و عزت کے اعتبار سے برابر پیدا ہوۓ ہیں۔ انہیں ضمیر اور عقل ودیعت ہوئی ہی۔ اسلۓ انہیں ایک دوسرے کے ساتھ بھائیچارے کا سلوک کرنا چاہیۓ۔ مجھے آپ سے پیار ہے۔ بی رنگ سبز خیالات شدت سے سوتی ہیں. در حال حاضر مشکلات ایمیلی دارم. با او تلفنی حرف زدم. بۇ ئۆي بەك ياخشى. بۈگۈن شەنبە. ئۇ قىسقا چاچلىق. ئۇ ئىت چوڭ. معاف کیجئیے گا، کیا وقت ہوا ہے؟ فکر مت کرو. تم مجھ پر بھروسہ کر سکتے ہو۔ او چشمان زیبائی دارد. ميري آنکهون کا نور ...أور سر کا تاج. وہ ۵ بجے واپس آیا ہے۔ مجھے کنیڈا گئے ہوئے کافی عرصہ ہو گیا ہے۔ کتابیں پڑھ کے اسے بہت خوشی ملتی ہے۔ جم اور نینسی کدھر ہیں؟ اجلاس پچھلے ہفتے منعقد ہوا تھا۔ مجھے مشورہ دو۔ مجھے بلکل ہی بھول گیا تھا۔ پیانو کافی مہنگا ہے۔
vi	Tôi phải đi ngủ. Bạn đang làm gì đây? Cái này là gì? Hôm nay là ngày 18 tháng sáu, và cũng là ngày sinh nhật của Muiriel! Chúc mừng sinh nhật, Muiriel! Bây giờ Muiriel được 20 tuổi. Mật mã là "Muiriel". Tôi trở lại mau. Tôi không biết. Tôi hết lời để nói. Cái này xẽ không bao giờ chấm giứt. Tôi không biết nên nói gì cả... Đó là một con thỏ hung ác. Tôi từ trên núi xuống. Tấm hình này có mới không? Rốt cuộc, ai cũng phải tự học thôi. Sẽ không xảy ra đâu. Tôi sẽ cố không quấy rầy bạn học hành. Đừng lo. Toi se goi ho ngay mai. Bạn nên đi ngủ đi. Người trước tôi nói ý kiến với tưởng tôi điên. Nếu thế giới không như bây giờ, thì tôi có thể tin ai cũng được. Tiếc rằng cái đó là sự thật. Phần nhiều người ta nghĩ tôi điên.
wa	D'vas li faye et goyî comm' ein' tute. Li picård, c'est on lingaedje d'oyi. I'n'a foc qu'ein osjaux d'cat d'veins l'cervelle de s'tiesse. Bondjoû, tortos. Vas' ti fé arèdjî ! Vas' à l'djote ! Vas' tchîre è Moûze ! Li France, c'est on payis del Urope coûtchantrece. Tos lès-omes vinèt-st-å monde lîbes, èt so-l'minme pîd po çou qu'ènn'èst d'leu dignité èt d'leus dreûts. I n'sont nin foû rêzon èt-z-ont-i leû consyince po zèls, çou qu'èlzès deût miner a s'kidûre onk' po l'ôte tot come dès frés. I comprind bé minou sins dire mon cat. Gråces ! Merci Bén seur. Bon voyaedje. A rvey, Sayoko. Kimint ça vs va? Disk' a torade! Disk' a! Disk' a dmwin. A dmwin. A pus tård! Proficiate! Boune tchance. Dji ratind. Cwand est çk' i rvént?
wo	Jaam nga fanane. Naka ngon si. Jamm nga yendoo. Xamuma. Fan nga dem? Ñibbal. Lii lan la? Kii lan la? Amuma muus. Wurus, amuma xaalis. Tey amuma xaalis. Ban dekka nga faxeeku? Fan nga joge? Dafa mèlni mouss bi dafa yeuk xètou ganax bi. Dama eumb mangui si ńénti wèr. Xam nako ba paré. Dama boga gena tay Alalu golo ca lex ba. Am naa giléém ca Gànnaar yomb naa wax. Bala nga xam luw taat di jariñ, mbate toog jote. Bant, lumu yàgg cig dex, du tax mu soppiku jasig. Bëgg-bëgg yee wuute, moo-tax njaay may jar ca jaba. Bëggum ñeex duma taxa dëppoo cin lu tàng. Benn loxo du tàccu. Bes boo gis, day leb walla muy fey.
xh	Enkosi! Ndiyakuthanda. Uvela phi? Ndiyagoduka. Uhamba ngantoni emsebenzini? Mandiye nawe. Uxolo! Ndingavula ifestile na? Wamkelekile. uTom uhlala eBoston. Unewayini. Banewayini. Sinewayini. Ingakanani indlu yakho? Indlu yam incinci. Ingakanani inja yakho? Eyam incinci. Indlu yakho inamagumbi okulala amangaphi? Indlu yam inamagumbi okulala amabini. Molo, igama lam nguPekka. Ngubani igama lakho? Ngubani igama lakho? Ndingakunceda? Kufuneka ndiye ngoku. Enkosi kakhulu ngeleta yakho. Ugwetyiwe iminyaka emithathu entolongweni. Ndiyoyika ukuhamba ndedwa. Bendiyilindele le nto.
yi	איך זע דעם גוטן סטודענט דער בחור איז דאָ די פֿרױ לײענט. דאָס הױז איז שײן. איך פֿאָטאָגראַפֿיר די פֿרױ איך זע דעם בחור איך פֿאַרריכֿט דאָס הױז איך לױף פֿון דער מײדל איך קוק אױף דעם הױז איך שרײַב דעם בחור איך װעל זאָגן דער פֿרױ װאָס איך װײס איך שיק זי אין קאַליפֿאָניע דער טאָג איז קורץ און ס'איז דאָ אַ סך אַרבעט. אַ גאַסט אויף א װײַל, זעט אױף אַ מײַל. אַ געשאָנקען פֿערד קוקט מען נישט די צײן. אַ מענטש איז שטאַרקער פֿון אײַזן און שװאַכער פֿון אַ פֿליג. אַ קלאַפּ פֿאַרגייט אַ וואָרט באַשטייט. אַז גאָט װיל שיסט אַ בעזעם אױך. װילסט אַ ביסל מילך? דאָס איז א גוט בוך, אַחוץ אַ פּאָר טעותים. ער זעט אױס אַלט, אָבער ער האָט נאָך נישט קײן דרײַסיק יאָר. אַז די מויז איז זאַט, איז דאָס מעל ביטער. האָסט אין זינען צו בלײַבן אַ סך צײַט? װילסט עפּעס טרינקען? װילסט טרינקען?
yo	Mo ní ológbò méjì. Ẹṣin jẹ́ funfun. Ẹṣin kìí ṣe funfun. Ẹṣin yìí jẹ́ funfun. Ẹṣin náà jẹ́ funfun. Ẹṣin yìí kìí ṣe funfun. Ẹṣin náà kìí ṣe funfun. Onísègùn ni mí. Onísègùn ni ẹ́. Onísègùn ni. Onísègùn ni wá. Onísègùn ni yín. Onísègùn ni wọ́n. Ìyàwó mi lọ sí oko. Owó rẹ̀ wà ní bánkì. Ó yà mí l'ẹ́nu. Agogo mejila ọsan. Mo fẹ́ rà ìwé. Ìwé kìí ṣe titun. Bawo ni? Ẹ̀gbẹ́ táa máa fi sùn lálẹ́, kò yẹ ká fi gbọgbẹ́ lọ́ọ̀sán. Ẹni tó bá ńjẹ nínú ọlà ẹnìkan nií pèé ní anímáṣaun. Mi ò fẹ́ lọ sí ilé-ẹ́kọ́. Ta ni Emily? Àwọn erékùṣù wà ní òkun.
zh-cn	我們試試看！ 我该去睡觉了。 你在干什麼啊？ 這是什麼啊？ 今天是６月１８号，也是Muiriel的生日！ 生日快乐，Muiriel！ Muiriel现在20岁了。 密码是"Muiriel"。 我很快就會回來。 我不知道。 我不知道應該說什麼才好。 這個永遠完不了了。 我只是不知道應該說什麼而已…… 那是一隻有惡意的兔子。 我以前在山里。 那是一张近照吗？ 我不知道我有沒有時間。 剛才我的麥克風沒起作用，不知道為什麼。 到了最後，大家一定要靠自己學習。 世界上的教育都讓我失望。 选择什么是“对”或“错”是一项艰难的任务，我们却必须要完成它。 這樣做的話什麼都不會改變的。 這個要三十歐元。 我一天賺一百歐元。 也许我会马上放弃然后去打盹。
zh-tw	Lorem ipsum odor amet, consectetuer adipiscing elit. Consectetur curabitur feugiat pulvinar consequat habitasse nibh vestibulum tincidunt pulvinar nibh aptent arcu magnis velit volutpat facilisis consectetur a etiam facilisis pulvinar tempus justo malesuada conubia libero porttitor magnis mauris est bibendum interdum arcu fringilla natoque mattis semper.
zu	Ngilambile. Unjani? Ninjani? Umbingelelo! Sawubona! Sawubona. Ngizokuza. Ngiyakuthanda. Ngiyakuzonda. Ngiyamthanda. Nginguthisha. Ngifuna ukuhlala emaphandleni. Ngifuna ukuhlala edolobheni. Ngifuna ukuhlala enqabeni. Ngingudokotela. Ngingumfundi. Ngingumfundi enyunivesini. Ngizise incwadi. Ngiyafunda isiZulu. Ucule iculo. Sinewayini. Ngiyagoduka. Ngingakusiza? Ngiyabhukuda olwandle. Besaba ukufa.
